,X,Y
0,0.0,1.0
1,0.0,0.0
2,0.0,0.0
3,0.0,0.0
4,0.0,0.0
5,0.0,1.0
6,0.0,1.0
7,0.0,1.0
8,0.0,0.0
9,0.0,0.0
10,0.0,0.0
11,0.0,0.0
12,0.0,0.0
13,0.0,1.0
14,0.0,1.0
15,0.0,0.0
16,0.0,1.0
17,0.0,1.0
18,0.0,0.0
19,0.0,0.0
20,1.0,0.0
21,0.0,0.0
22,0.0,1.0
23,0.0,0.0
24,0.0,1.0
25,0.0,0.0
26,0.0,1.0
27,0.0,0.0
28,0.0,1.0
29,0.0,1.0
30,0.0,0.0
31,1.0,0.0
32,0.0,0.0
33,0.0,1.0
34,0.0,1.0
35,0.0,0.0
36,1.0,0.0
37,0.0,0.0
38,0.0,1.0
39,0.0,1.0
40,0.0,1.0
41,1.0,0.0
42,0.0,0.0
43,0.0,0.0
44,0.0,1.0
45,0.0,1.0
46,0.0,1.0
47,0.0,1.0
48,1.0,1.0
49,0.0,0.0
50,0.0,1.0
51,0.0,1.0
52,0.0,1.0
53,0.0,1.0
54,0.0,0.0
55,0.0,0.0
56,2.0,1.0
57,0.0,0.0
58,1.0,1.0
59,1.0,0.0
60,0.0,1.0
61,1.0,1.0
62,0.0,1.0
63,0.0,1.0
64,1.0,1.0
65,0.0,0.0
66,0.0,1.0
67,0.0,0.0
68,1.0,1.0
69,0.0,0.0
70,0.0,1.0
71,0.0,1.0
72,0.0,0.0
73,0.0,1.0
74,0.0,1.0
75,0.0,0.0
76,0.0,1.0
77,1.0,1.0
78,0.0,1.0
79,0.0,0.0
80,0.0,1.0
81,0.0,1.0
82,0.0,0.0
83,0.0,1.0
84,1.0,0.0
85,0.0,1.0
86,0.0,0.0
87,0.0,1.0
88,0.0,0.0
89,0.0,0.0
90,1.0,0.0
91,0.0,1.0
92,0.0,0.0
93,0.0,0.0
94,0.0,1.0
95,0.0,1.0
96,0.0,1.0
97,0.0,1.0
98,0.0,0.0
99,1.0,1.0
100,0.0,1.0
101,0.0,0.0
102,0.0,0.0
103,0.0,0.0
104,1.0,0.0
105,0.0,1.0
106,0.0,1.0
107,2.0,1.0
108,0.0,0.0
109,0.0,0.0
110,0.0,0.0
111,0.0,0.0
112,0.0,0.0
113,0.0,1.0
114,0.0,1.0
115,0.0,0.0
116,0.0,1.0
117,0.0,1.0
118,0.0,0.0
119,0.0,0.0
120,0.0,0.0
121,0.0,0.0
122,0.0,1.0
123,0.0,0.0
124,0.0,1.0
125,0.0,0.0
126,0.0,1.0
127,0.0,0.0
128,0.0,1.0
129,0.0,1.0
130,0.0,0.0
131,0.0,0.0
132,0.0,0.0
133,0.0,1.0
134,0.0,1.0
135,0.0,0.0
136,0.0,0.0
137,1.0,0.0
138,0.0,1.0
139,1.0,1.0
140,0.0,1.0
141,0.0,0.0
142,0.0,0.0
143,0.0,0.0
144,1.0,1.0
145,0.0,1.0
146,0.0,1.0
147,0.0,1.0
148,1.0,1.0
149,0.0,0.0
150,0.0,1.0
151,0.0,1.0
152,0.0,1.0
153,0.0,1.0
154,1.0,0.0
155,0.0,0.0
156,0.0,1.0
157,0.0,0.0
158,0.0,1.0
159,0.0,0.0
160,1.0,1.0
161,0.0,1.0
162,0.0,1.0
163,0.0,1.0
164,0.0,1.0
165,0.0,0.0
166,0.0,1.0
167,0.0,0.0
168,0.0,1.0
169,0.0,0.0
170,1.0,1.0
171,0.0,1.0
172,0.0,0.0
173,1.0,1.0
174,0.0,1.0
175,0.0,0.0
176,0.0,1.0
177,0.0,1.0
178,1.0,1.0
179,0.0,0.0
180,0.0,1.0
181,0.0,1.0
182,0.0,0.0
183,1.0,1.0
184,0.0,0.0
185,0.0,1.0
186,0.0,0.0
187,0.0,1.0
188,0.0,0.0
189,0.0,0.0
190,0.0,0.0
191,1.0,1.0
192,0.0,0.0
193,0.0,0.0
194,0.0,1.0
195,0.0,1.0
196,1.0,1.0
197,0.0,1.0
198,0.0,0.0
199,0.0,1.0
200,0.0,1.0
201,0.0,0.0
202,0.0,0.0
203,0.0,0.0
204,0.0,0.0
205,0.0,1.0
206,1.0,1.0
207,0.0,1.0
208,0.0,0.0
209,0.0,0.0
210,0.0,0.0
211,1.0,0.0
212,0.0,0.0
213,0.0,1.0
214,0.0,1.0
215,0.0,0.0
216,1.0,1.0
217,0.0,1.0
218,1.0,0.0
219,1.0,0.0
220,0.0,0.0
221,0.0,0.0
222,1.0,1.0
223,0.0,0.0
224,0.0,1.0
225,0.0,0.0
226,0.0,1.0
227,0.0,0.0
228,1.0,1.0
229,0.0,1.0
230,0.0,0.0
231,1.0,0.0
232,0.0,0.0
233,0.0,1.0
234,0.0,1.0
235,0.0,0.0
236,0.0,0.0
237,0.0,0.0
238,0.0,1.0
239,0.0,1.0
240,0.0,1.0
241,0.0,0.0
242,0.0,0.0
243,0.0,0.0
244,1.0,1.0
245,0.0,1.0
246,1.0,1.0
247,0.0,1.0
248,0.0,1.0
249,0.0,0.0
250,0.0,1.0
251,1.0,1.0
252,0.0,1.0
253,0.0,1.0
254,0.0,0.0
255,0.0,0.0
256,1.0,1.0
257,0.0,0.0
258,1.0,1.0
259,0.0,0.0
260,0.0,1.0
261,1.0,1.0
262,0.0,1.0
263,0.0,1.0
264,1.0,1.0
265,0.0,0.0
266,0.0,1.0
267,0.0,0.0
268,0.0,1.0
269,1.0,0.0
270,0.0,1.0
271,0.0,1.0
272,1.0,0.0
273,1.0,1.0
274,0.0,1.0
275,0.0,0.0
276,0.0,1.0
277,0.0,1.0
278,0.0,1.0
279,0.0,0.0
280,0.0,1.0
281,0.0,1.0
282,0.0,0.0
283,0.0,1.0
284,0.0,0.0
285,0.0,1.0
286,2.0,0.0
287,0.0,1.0
288,0.0,0.0
289,0.0,0.0
290,0.0,0.0
291,1.0,1.0
292,0.0,0.0
293,0.0,0.0
294,2.0,1.0
295,0.0,1.0
296,0.0,1.0
297,0.0,1.0
298,0.0,0.0
299,1.0,1.0
300,0.0,1.0
301,0.0,0.0
302,0.0,0.0
303,0.0,0.0
304,1.0,0.0
305,0.0,1.0
306,0.0,1.0
307,0.0,1.0
308,0.0,0.0
309,0.0,0.0
310,0.0,0.0
311,0.0,0.0
312,0.0,0.0
313,0.0,1.0
314,0.0,1.0
315,0.0,0.0
316,0.0,1.0
317,0.0,1.0
318,0.0,0.0
319,0.0,0.0
320,0.0,0.0
321,0.0,0.0
322,0.0,1.0
323,0.0,0.0
324,0.0,1.0
325,0.0,0.0
326,0.0,1.0
327,0.0,0.0
328,0.0,1.0
329,0.0,1.0
330,0.0,0.0
331,0.0,0.0
332,0.0,0.0
333,1.0,1.0
334,1.0,1.0
335,0.0,0.0
336,0.0,0.0
337,0.0,0.0
338,2.0,1.0
339,0.0,1.0
340,0.0,1.0
341,0.0,0.0
342,0.0,0.0
343,0.0,0.0
344,0.0,1.0
345,0.0,1.0
346,0.0,1.0
347,0.0,1.0
348,0.0,1.0
349,0.0,0.0
350,0.0,1.0
351,0.0,1.0
352,0.0,1.0
353,1.0,1.0
354,0.0,0.0
355,0.0,0.0
356,0.0,1.0
357,2.0,0.0
358,0.0,1.0
359,0.0,0.0
360,0.0,1.0
361,0.0,1.0
362,1.0,1.0
363,0.0,1.0
364,1.0,1.0
365,0.0,0.0
366,0.0,1.0
367,1.0,0.0
368,0.0,1.0
369,0.0,0.0
370,0.0,1.0
371,0.0,1.0
372,0.0,0.0
373,0.0,1.0
374,0.0,1.0
375,0.0,0.0
376,0.0,1.0
377,0.0,1.0
378,0.0,1.0
379,0.0,0.0
380,0.0,1.0
381,1.0,1.0
382,0.0,0.0
383,0.0,1.0
384,0.0,0.0
385,2.0,1.0
386,0.0,0.0
387,0.0,1.0
388,1.0,0.0
389,0.0,0.0
390,0.0,0.0
391,1.0,1.0
392,0.0,0.0
393,0.0,0.0
394,0.0,1.0
395,0.0,1.0
396,2.0,1.0
397,1.0,1.0
398,0.0,0.0
399,1.0,1.0
400,0.0,1.0
401,0.0,0.0
402,0.0,0.0
403,0.0,0.0
404,0.0,0.0
405,1.0,1.0
406,2.0,1.0
407,0.0,1.0
408,1.0,0.0
409,0.0,0.0
410,0.0,0.0
411,0.0,0.0
412,0.0,0.0
413,1.0,1.0
414,0.0,1.0
415,0.0,0.0
416,1.0,1.0
417,0.0,1.0
418,0.0,0.0
419,0.0,0.0
420,0.0,0.0
421,0.0,0.0
422,1.0,1.0
423,0.0,0.0
424,0.0,1.0
425,0.0,0.0
426,0.0,1.0
427,0.0,0.0
428,0.0,1.0
429,0.0,1.0
430,0.0,0.0
431,1.0,0.0
432,1.0,0.0
433,0.0,1.0
434,1.0,1.0
435,0.0,0.0
436,0.0,0.0
437,0.0,0.0
438,1.0,1.0
439,1.0,1.0
440,0.0,1.0
441,1.0,0.0
442,0.0,0.0
443,0.0,0.0
444,0.0,1.0
445,0.0,1.0
446,0.0,1.0
447,1.0,1.0
448,0.0,1.0
449,1.0,0.0
450,0.0,1.0
451,0.0,1.0
452,0.0,1.0
453,0.0,1.0
454,0.0,0.0
455,0.0,0.0
456,0.0,1.0
457,0.0,0.0
458,0.0,1.0
459,0.0,0.0
460,1.0,1.0
461,1.0,1.0
462,1.0,1.0
463,0.0,1.0
464,1.0,1.0
465,0.0,0.0
466,0.0,1.0
467,0.0,0.0
468,0.0,1.0
469,0.0,0.0
470,1.0,1.0
471,0.0,1.0
472,0.0,0.0
473,0.0,1.0
474,0.0,1.0
475,0.0,0.0
476,0.0,1.0
477,0.0,1.0
478,0.0,1.0
479,0.0,0.0
480,0.0,1.0
481,0.0,1.0
482,0.0,0.0
483,1.0,1.0
484,0.0,0.0
485,1.0,1.0
486,0.0,0.0
487,1.0,1.0
488,1.0,0.0
489,1.0,0.0
490,0.0,0.0
491,1.0,1.0
492,0.0,0.0
493,0.0,0.0
494,1.0,1.0
495,0.0,1.0
496,0.0,1.0
497,0.0,1.0
498,0.0,0.0
499,0.0,1.0
500,1.0,1.0
501,0.0,0.0
502,0.0,0.0
503,0.0,0.0
504,0.0,0.0
505,0.0,1.0
506,0.0,1.0
507,0.0,1.0
508,1.0,0.0
509,0.0,0.0
510,0.0,0.0
511,0.0,0.0
512,0.0,0.0
513,0.0,1.0
514,0.0,1.0
515,0.0,0.0
516,1.0,1.0
517,2.0,1.0
518,0.0,0.0
519,0.0,0.0
520,0.0,0.0
521,0.0,0.0
522,0.0,1.0
523,0.0,0.0
524,1.0,1.0
525,0.0,0.0
526,2.0,1.0
527,0.0,0.0
528,1.0,1.0
529,0.0,1.0
530,0.0,0.0
531,0.0,0.0
532,0.0,0.0
533,2.0,1.0
534,0.0,1.0
535,0.0,0.0
536,0.0,0.0
537,1.0,0.0
538,0.0,1.0
539,1.0,1.0
540,1.0,1.0
541,0.0,0.0
542,0.0,0.0
543,0.0,0.0
544,2.0,1.0
545,1.0,1.0
546,1.0,1.0
547,0.0,1.0
548,0.0,1.0
549,0.0,0.0
550,0.0,1.0
551,1.0,1.0
552,2.0,1.0
553,0.0,1.0
554,0.0,0.0
555,0.0,0.0
556,0.0,1.0
557,0.0,0.0
558,1.0,1.0
559,0.0,0.0
560,1.0,1.0
561,1.0,1.0
562,0.0,1.0
563,1.0,1.0
564,1.0,1.0
565,0.0,0.0
566,0.0,1.0
567,0.0,0.0
568,0.0,1.0
569,1.0,0.0
570,2.0,1.0
571,0.0,1.0
572,0.0,0.0
573,0.0,1.0
574,0.0,1.0
575,0.0,0.0
576,1.0,1.0
577,1.0,1.0
578,0.0,1.0
579,1.0,0.0
580,0.0,1.0
581,2.0,1.0
582,0.0,0.0
583,0.0,1.0
584,0.0,0.0
585,1.0,1.0
586,0.0,0.0
587,0.0,1.0
588,0.0,0.0
589,1.0,0.0
590,0.0,0.0
591,0.0,1.0
592,1.0,0.0
593,0.0,0.0
594,1.0,1.0
595,0.0,1.0
596,0.0,1.0
597,0.0,1.0
598,0.0,0.0
599,2.0,1.0
600,0.0,1.0
601,0.0,0.0
602,1.0,0.0
603,0.0,0.0
604,1.0,0.0
605,0.0,1.0
606,1.0,1.0
607,1.0,1.0
608,0.0,0.0
609,0.0,0.0
610,0.0,0.0
611,2.0,0.0
612,1.0,0.0
613,0.0,1.0
614,1.0,1.0
615,0.0,0.0
616,1.0,1.0
617,2.0,1.0
618,0.0,0.0
619,0.0,0.0
620,0.0,0.0
621,0.0,0.0
622,2.0,1.0
623,2.0,0.0
624,1.0,1.0
625,0.0,0.0
626,0.0,1.0
627,0.0,0.0
628,0.0,1.0
629,3.0,1.0
630,1.0,0.0
631,0.0,0.0
632,0.0,0.0
633,0.0,1.0
634,1.0,1.0
635,0.0,0.0
636,1.0,0.0
637,0.0,0.0
638,0.0,1.0
639,0.0,1.0
640,0.0,1.0
641,0.0,0.0
642,0.0,0.0
643,0.0,0.0
644,1.0,1.0
645,0.0,1.0
646,0.0,1.0
647,1.0,1.0
648,1.0,1.0
649,1.0,0.0
650,1.0,1.0
651,1.0,1.0
652,1.0,1.0
653,2.0,1.0
654,0.0,0.0
655,0.0,0.0
656,1.0,1.0
657,1.0,0.0
658,2.0,1.0
659,1.0,0.0
660,0.0,1.0
661,1.0,1.0
662,1.0,1.0
663,0.0,1.0
664,1.0,1.0
665,0.0,0.0
666,0.0,1.0
667,0.0,0.0
668,0.0,1.0
669,0.0,0.0
670,0.0,1.0
671,1.0,1.0
672,1.0,0.0
673,1.0,1.0
674,0.0,1.0
675,0.0,0.0
676,0.0,1.0
677,1.0,1.0
678,1.0,1.0
679,0.0,0.0
680,2.0,1.0
681,0.0,1.0
682,1.0,0.0
683,1.0,1.0
684,0.0,0.0
685,1.0,1.0
686,2.0,0.0
687,0.0,1.0
688,0.0,0.0
689,0.0,0.0
690,0.0,0.0
691,0.0,1.0
692,0.0,0.0
693,1.0,0.0
694,0.0,1.0
695,1.0,1.0
696,0.0,1.0
697,2.0,1.0
698,0.0,0.0
699,1.0,1.0
700,0.0,1.0
701,0.0,0.0
702,1.0,0.0
703,1.0,0.0
704,1.0,0.0
705,0.0,1.0
706,1.0,1.0
707,0.0,1.0
708,1.0,0.0
709,1.0,0.0
710,0.0,0.0
711,1.0,0.0
712,1.0,0.0
713,0.0,1.0
714,1.0,1.0
715,2.0,0.0
716,1.0,1.0
717,1.0,1.0
718,1.0,0.0
719,1.0,0.0
720,1.0,0.0
721,0.0,0.0
722,1.0,1.0
723,0.0,0.0
724,0.0,1.0
725,0.0,0.0
726,1.0,1.0
727,0.0,0.0
728,1.0,1.0
729,1.0,1.0
730,0.0,0.0
731,0.0,0.0
732,0.0,0.0
733,0.0,1.0
734,1.0,1.0
735,1.0,0.0
736,0.0,0.0
737,0.0,0.0
738,0.0,1.0
739,0.0,1.0
740,0.0,1.0
741,1.0,0.0
742,0.0,0.0
743,0.0,0.0
744,0.0,1.0
745,0.0,1.0
746,0.0,1.0
747,0.0,1.0
748,1.0,1.0
749,1.0,0.0
750,0.0,1.0
751,1.0,1.0
752,2.0,1.0
753,0.0,1.0
754,0.0,0.0
755,1.0,0.0
756,1.0,1.0
757,0.0,0.0
758,0.0,1.0
759,0.0,0.0
760,1.0,1.0
761,1.0,1.0
762,0.0,1.0
763,0.0,1.0
764,0.0,1.0
765,0.0,0.0
766,1.0,1.0
767,3.0,0.0
768,4.0,1.0
769,0.0,0.0
770,0.0,1.0
771,2.0,1.0
772,0.0,0.0
773,1.0,1.0
774,1.0,1.0
775,2.0,0.0
776,1.0,1.0
777,1.0,1.0
778,0.0,1.0
779,2.0,0.0
780,1.0,1.0
781,0.0,1.0
782,0.0,0.0
783,2.0,1.0
784,0.0,0.0
785,2.0,1.0
786,1.0,0.0
787,0.0,1.0
788,0.0,0.0
789,0.0,0.0
790,0.0,0.0
791,1.0,1.0
792,1.0,0.0
793,0.0,0.0
794,6.0,1.0
795,1.0,1.0
796,0.0,1.0
797,2.0,1.0
798,0.0,0.0
799,0.0,1.0
800,1.0,1.0
801,0.0,0.0
802,0.0,0.0
803,0.0,0.0
804,0.0,0.0
805,2.0,1.0
806,0.0,1.0
807,1.0,1.0
808,1.0,0.0
809,1.0,0.0
810,1.0,0.0
811,0.0,0.0
812,0.0,0.0
813,0.0,1.0
814,0.0,1.0
815,0.0,0.0
816,3.0,1.0
817,1.0,1.0
818,0.0,0.0
819,0.0,0.0
820,1.0,0.0
821,0.0,0.0
822,1.0,1.0
823,1.0,0.0
824,4.0,1.0
825,1.0,0.0
826,0.0,1.0
827,0.0,0.0
828,2.0,1.0
829,0.0,1.0
830,0.0,0.0
831,1.0,0.0
832,0.0,0.0
833,0.0,1.0
834,0.0,1.0
835,1.0,0.0
836,0.0,0.0
837,0.0,0.0
838,2.0,1.0
839,0.0,1.0
840,1.0,1.0
841,0.0,0.0
842,3.0,0.0
843,1.0,0.0
844,1.0,1.0
845,1.0,1.0
846,2.0,1.0
847,1.0,1.0
848,2.0,1.0
849,0.0,0.0
850,0.0,1.0
851,0.0,1.0
852,2.0,1.0
853,1.0,1.0
854,0.0,0.0
855,0.0,0.0
856,1.0,1.0
857,1.0,0.0
858,1.0,1.0
859,0.0,0.0
860,0.0,1.0
861,0.0,1.0
862,0.0,1.0
863,0.0,1.0
864,2.0,1.0
865,0.0,0.0
866,0.0,1.0
867,0.0,0.0
868,1.0,1.0
869,0.0,0.0
870,1.0,1.0
871,0.0,1.0
872,1.0,0.0
873,1.0,1.0
874,0.0,1.0
875,1.0,0.0
876,1.0,1.0
877,0.0,1.0
878,1.0,1.0
879,0.0,0.0
880,0.0,1.0
881,0.0,1.0
882,0.0,0.0
883,1.0,1.0
884,1.0,0.0
885,0.0,1.0
886,1.0,0.0
887,1.0,1.0
888,1.0,0.0
889,1.0,0.0
890,0.0,0.0
891,1.0,1.0
892,0.0,0.0
893,0.0,0.0
894,2.0,1.0
895,1.0,1.0
896,1.0,1.0
897,1.0,1.0
898,0.0,0.0
899,2.0,1.0
900,1.0,1.0
901,0.0,0.0
902,1.0,0.0
903,1.0,0.0
904,0.0,0.0
905,0.0,1.0
906,0.0,1.0
907,0.0,1.0
908,1.0,0.0
909,2.0,0.0
910,0.0,0.0
911,0.0,0.0
912,1.0,0.0
913,3.0,1.0
914,2.0,1.0
915,0.0,0.0
916,1.0,1.0
917,2.0,1.0
918,0.0,0.0
919,1.0,0.0
920,1.0,0.0
921,0.0,0.0
922,1.0,1.0
923,0.0,0.0
924,4.0,1.0
925,1.0,0.0
926,0.0,1.0
927,1.0,0.0
928,2.0,1.0
929,0.0,1.0
930,1.0,0.0
931,2.0,0.0
932,0.0,0.0
933,2.0,1.0
934,1.0,1.0
935,1.0,0.0
936,0.0,0.0
937,1.0,0.0
938,1.0,1.0
939,0.0,1.0
940,0.0,1.0
941,0.0,0.0
942,0.0,0.0
943,0.0,0.0
944,1.0,1.0
945,2.0,1.0
946,0.0,1.0
947,0.0,1.0
948,0.0,1.0
949,0.0,0.0
950,1.0,1.0
951,3.0,1.0
952,0.0,1.0
953,0.0,1.0
954,0.0,0.0
955,1.0,0.0
956,0.0,1.0
957,0.0,0.0
958,2.0,1.0
959,0.0,0.0
960,1.0,1.0
961,1.0,1.0
962,1.0,1.0
963,2.0,1.0
964,2.0,1.0
965,0.0,0.0
966,0.0,1.0
967,0.0,0.0
968,1.0,1.0
969,1.0,0.0
970,0.0,1.0
971,2.0,1.0
972,1.0,0.0
973,2.0,1.0
974,0.0,1.0
975,0.0,0.0
976,3.0,1.0
977,1.0,1.0
978,0.0,1.0
979,0.0,0.0
980,0.0,1.0
981,0.0,1.0
982,1.0,0.0
983,4.0,1.0
984,1.0,0.0
985,2.0,1.0
986,0.0,0.0
987,1.0,1.0
988,0.0,0.0
989,1.0,0.0
990,1.0,0.0
991,0.0,1.0
992,2.0,0.0
993,0.0,0.0
994,3.0,1.0
995,0.0,1.0
996,1.0,1.0
997,1.0,1.0
998,1.0,0.0
999,4.0,1.0
1000,1.0,1.0
1001,1.0,0.0
1002,0.0,0.0
1003,3.0,0.0
1004,0.0,0.0
1005,1.0,1.0
1006,1.0,1.0
1007,2.0,1.0
1008,1.0,0.0
1009,0.0,0.0
1010,0.0,0.0
1011,0.0,0.0
1012,1.0,0.0
1013,0.0,1.0
1014,0.0,1.0
1015,0.0,0.0
1016,2.0,1.0
1017,0.0,1.0
1018,4.0,0.0
1019,0.0,0.0
1020,0.0,0.0
1021,0.0,0.0
1022,1.0,1.0
1023,0.0,0.0
1024,2.0,1.0
1025,2.0,0.0
1026,1.0,1.0
1027,0.0,0.0
1028,1.0,1.0
1029,2.0,1.0
1030,0.0,0.0
1031,1.0,0.0
1032,2.0,0.0
1033,2.0,1.0
1034,0.0,1.0
1035,2.0,0.0
1036,0.0,0.0
1037,1.0,0.0
1038,1.0,1.0
1039,3.0,1.0
1040,0.0,1.0
1041,1.0,0.0
1042,0.0,0.0
1043,0.0,0.0
1044,2.0,1.0
1045,1.0,1.0
1046,2.0,1.0
1047,0.0,1.0
1048,1.0,1.0
1049,1.0,0.0
1050,1.0,1.0
1051,2.0,1.0
1052,1.0,1.0
1053,0.0,1.0
1054,2.0,0.0
1055,2.0,0.0
1056,1.0,1.0
1057,1.0,0.0
1058,2.0,1.0
1059,1.0,0.0
1060,2.0,1.0
1061,2.0,1.0
1062,0.0,1.0
1063,2.0,1.0
1064,1.0,1.0
1065,1.0,0.0
1066,3.0,1.0
1067,0.0,0.0
1068,0.0,1.0
1069,1.0,0.0
1070,1.0,1.0
1071,0.0,1.0
1072,0.0,0.0
1073,0.0,1.0
1074,5.0,1.0
1075,1.0,0.0
1076,1.0,1.0
1077,2.0,1.0
1078,2.0,1.0
1079,1.0,0.0
1080,3.0,1.0
1081,2.0,1.0
1082,0.0,0.0
1083,0.0,1.0
1084,4.0,0.0
1085,0.0,1.0
1086,3.0,0.0
1087,4.0,1.0
1088,0.0,0.0
1089,2.0,0.0
1090,2.0,0.0
1091,2.0,1.0
1092,0.0,0.0
1093,0.0,0.0
1094,1.0,1.0
1095,3.0,1.0
1096,0.0,1.0
1097,1.0,1.0
1098,1.0,0.0
1099,1.0,1.0
1100,5.0,1.0
1101,0.0,0.0
1102,2.0,0.0
1103,1.0,0.0
1104,2.0,0.0
1105,3.0,1.0
1106,5.0,1.0
1107,0.0,1.0
1108,1.0,0.0
1109,2.0,0.0
1110,0.0,0.0
1111,0.0,0.0
1112,1.0,0.0
1113,1.0,1.0
1114,1.0,1.0
1115,2.0,0.0
1116,6.0,1.0
1117,1.0,1.0
1118,0.0,0.0
1119,2.0,0.0
1120,1.0,0.0
1121,0.0,0.0
1122,2.0,1.0
1123,1.0,0.0
1124,1.0,1.0
1125,1.0,0.0
1126,4.0,1.0
1127,2.0,0.0
1128,2.0,1.0
1129,2.0,1.0
1130,0.0,0.0
1131,0.0,0.0
1132,2.0,0.0
1133,2.0,1.0
1134,0.0,1.0
1135,4.0,0.0
1136,1.0,0.0
1137,1.0,0.0
1138,3.0,1.0
1139,1.0,1.0
1140,3.0,1.0
1141,0.0,0.0
1142,3.0,0.0
1143,0.0,0.0
1144,2.0,1.0
1145,3.0,1.0
1146,2.0,1.0
1147,2.0,1.0
1148,2.0,1.0
1149,2.0,0.0
1150,0.0,1.0
1151,1.0,1.0
1152,0.0,1.0
1153,0.0,1.0
1154,2.0,0.0
1155,1.0,0.0
1156,1.0,1.0
1157,0.0,0.0
1158,0.0,1.0
1159,1.0,0.0
1160,1.0,1.0
1161,2.0,1.0
1162,1.0,1.0
1163,4.0,1.0
1164,0.0,1.0
1165,0.0,0.0
1166,1.0,1.0
1167,0.0,0.0
1168,2.0,1.0
1169,0.0,0.0
1170,0.0,1.0
1171,0.0,1.0
1172,1.0,0.0
1173,2.0,1.0
1174,4.0,1.0
1175,1.0,0.0
1176,1.0,1.0
1177,3.0,1.0
1178,0.0,1.0
1179,1.0,0.0
1180,1.0,1.0
1181,3.0,1.0
1182,0.0,0.0
1183,2.0,1.0
1184,0.0,0.0
1185,0.0,1.0
1186,0.0,0.0
1187,3.0,1.0
1188,1.0,0.0
1189,0.0,0.0
1190,0.0,0.0
1191,2.0,1.0
1192,0.0,0.0
1193,0.0,0.0
1194,1.0,1.0
1195,1.0,1.0
1196,1.0,1.0
1197,1.0,1.0
1198,2.0,0.0
1199,1.0,1.0
1200,1.0,1.0
1201,0.0,0.0
1202,2.0,0.0
1203,0.0,0.0
1204,0.0,0.0
1205,3.0,1.0
1206,3.0,1.0
1207,1.0,1.0
1208,0.0,0.0
1209,2.0,0.0
1210,3.0,0.0
1211,2.0,0.0
1212,0.0,0.0
1213,2.0,1.0
1214,0.0,1.0
1215,1.0,0.0
1216,2.0,1.0
1217,2.0,1.0
1218,1.0,0.0
1219,3.0,0.0
1220,2.0,0.0
1221,3.0,0.0
1222,0.0,1.0
1223,0.0,0.0
1224,1.0,1.0
1225,1.0,0.0
1226,0.0,1.0
1227,1.0,0.0
1228,3.0,1.0
1229,4.0,1.0
1230,0.0,0.0
1231,0.0,0.0
1232,2.0,0.0
1233,0.0,1.0
1234,4.0,1.0
1235,0.0,0.0
1236,0.0,0.0
1237,2.0,0.0
1238,1.0,1.0
1239,1.0,1.0
1240,1.0,1.0
1241,1.0,0.0
1242,1.0,0.0
1243,0.0,0.0
1244,3.0,1.0
1245,2.0,1.0
1246,2.0,1.0
1247,1.0,1.0
1248,0.0,1.0
1249,0.0,0.0
1250,1.0,1.0
1251,0.0,1.0
1252,3.0,1.0
1253,3.0,1.0
1254,0.0,0.0
1255,2.0,0.0
1256,4.0,1.0
1257,2.0,0.0
1258,1.0,1.0
1259,1.0,0.0
1260,1.0,1.0
1261,0.0,1.0
1262,1.0,1.0
1263,0.0,1.0
1264,4.0,1.0
1265,2.0,0.0
1266,4.0,1.0
1267,1.0,0.0
1268,1.0,1.0
1269,1.0,0.0
1270,2.0,1.0
1271,3.0,1.0
1272,0.0,0.0
1273,1.0,1.0
1274,5.0,1.0
1275,1.0,0.0
1276,4.0,1.0
1277,0.0,1.0
1278,6.0,1.0
1279,2.0,0.0
1280,1.0,1.0
1281,1.0,1.0
1282,0.0,0.0
1283,1.0,1.0
1284,0.0,0.0
1285,5.0,1.0
1286,0.0,0.0
1287,0.0,1.0
1288,2.0,0.0
1289,1.0,0.0
1290,0.0,0.0
1291,1.0,1.0
1292,6.0,0.0
1293,0.0,0.0
1294,1.0,1.0
1295,2.0,1.0
1296,0.0,1.0
1297,2.0,1.0
1298,1.0,0.0
1299,4.0,1.0
1300,5.0,1.0
1301,2.0,0.0
1302,3.0,0.0
1303,1.0,0.0
1304,0.0,0.0
1305,2.0,1.0
1306,2.0,1.0
1307,4.0,1.0
1308,2.0,0.0
1309,1.0,0.0
1310,3.0,0.0
1311,2.0,0.0
1312,2.0,0.0
1313,3.0,1.0
1314,3.0,1.0
1315,2.0,0.0
1316,2.0,1.0
1317,4.0,1.0
1318,3.0,0.0
1319,0.0,0.0
1320,3.0,0.0
1321,3.0,0.0
1322,2.0,1.0
1323,2.0,0.0
1324,3.0,1.0
1325,1.0,0.0
1326,7.0,1.0
1327,3.0,0.0
1328,3.0,1.0
1329,2.0,1.0
1330,4.0,0.0
1331,3.0,0.0
1332,2.0,0.0
1333,1.0,1.0
1334,3.0,1.0
1335,5.0,0.0
1336,2.0,0.0
1337,1.0,0.0
1338,2.0,1.0
1339,2.0,1.0
1340,3.0,1.0
1341,0.0,0.0
1342,4.0,0.0
1343,0.0,0.0
1344,4.0,1.0
1345,6.0,1.0
1346,4.0,1.0
1347,0.0,1.0
1348,2.0,1.0
1349,4.0,0.0
1350,2.0,1.0
1351,1.0,1.0
1352,4.0,1.0
1353,1.0,1.0
1354,0.0,0.0
1355,6.0,0.0
1356,1.0,1.0
1357,2.0,0.0
1358,1.0,1.0
1359,2.0,0.0
1360,1.0,1.0
1361,2.0,1.0
1362,2.0,1.0
1363,4.0,1.0
1364,4.0,1.0
1365,3.0,0.0
1366,6.0,1.0
1367,5.0,0.0
1368,1.0,1.0
1369,2.0,0.0
1370,5.0,1.0
1371,4.0,1.0
1372,2.0,0.0
1373,1.0,1.0
1374,4.0,1.0
1375,0.0,0.0
1376,2.0,1.0
1377,1.0,1.0
1378,3.0,1.0
1379,1.0,0.0
1380,2.0,1.0
1381,1.0,1.0
1382,2.0,0.0
1383,1.0,1.0
1384,3.0,0.0
1385,2.0,1.0
1386,0.0,0.0
1387,2.0,1.0
1388,3.0,0.0
1389,1.0,0.0
1390,2.0,0.0
1391,4.0,1.0
1392,3.0,0.0
1393,2.0,0.0
1394,3.0,1.0
1395,6.0,1.0
1396,3.0,1.0
1397,4.0,1.0
1398,2.0,0.0
1399,3.0,1.0
1400,5.0,1.0
1401,8.0,0.0
1402,1.0,0.0
1403,3.0,0.0
1404,3.0,0.0
1405,2.0,1.0
1406,1.0,1.0
1407,2.0,1.0
1408,2.0,0.0
1409,0.0,0.0
1410,1.0,0.0
1411,3.0,0.0
1412,4.0,0.0
1413,1.0,1.0
1414,1.0,1.0
1415,0.0,0.0
1416,1.0,1.0
1417,2.0,1.0
1418,3.0,0.0
1419,1.0,0.0
1420,2.0,0.0
1421,3.0,0.0
1422,0.0,1.0
1423,3.0,0.0
1424,1.0,1.0
1425,4.0,0.0
1426,4.0,1.0
1427,7.0,0.0
1428,6.0,1.0
1429,1.0,1.0
1430,4.0,0.0
1431,0.0,0.0
1432,4.0,0.0
1433,3.0,1.0
1434,2.0,1.0
1435,1.0,0.0
1436,2.0,0.0
1437,0.0,0.0
1438,0.0,1.0
1439,2.0,1.0
1440,2.0,1.0
1441,0.0,0.0
1442,0.0,0.0
1443,3.0,0.0
1444,2.0,1.0
1445,1.0,1.0
1446,1.0,1.0
1447,1.0,1.0
1448,1.0,1.0
1449,1.0,0.0
1450,1.0,1.0
1451,1.0,1.0
1452,1.0,1.0
1453,3.0,1.0
1454,1.0,0.0
1455,6.0,0.0
1456,7.0,1.0
1457,0.0,0.0
1458,2.0,1.0
1459,2.0,0.0
1460,1.0,1.0
1461,4.0,1.0
1462,1.0,1.0
1463,4.0,1.0
1464,2.0,1.0
1465,0.0,0.0
1466,2.0,1.0
1467,1.0,0.0
1468,0.0,1.0
1469,3.0,0.0
1470,0.0,1.0
1471,3.0,1.0
1472,2.0,0.0
1473,4.0,1.0
1474,2.0,1.0
1475,1.0,0.0
1476,2.0,1.0
1477,2.0,1.0
1478,1.0,1.0
1479,0.0,0.0
1480,2.0,1.0
1481,4.0,1.0
1482,1.0,0.0
1483,3.0,1.0
1484,1.0,0.0
1485,3.0,1.0
1486,2.0,0.0
1487,4.0,1.0
1488,1.0,0.0
1489,4.0,0.0
1490,0.0,0.0
1491,2.0,1.0
1492,3.0,0.0
1493,1.0,0.0
1494,3.0,1.0
1495,0.0,1.0
1496,3.0,1.0
1497,2.0,1.0
1498,1.0,0.0
1499,2.0,1.0
1500,2.0,1.0
1501,1.0,0.0
1502,1.0,0.0
1503,1.0,0.0
1504,1.0,0.0
1505,1.0,1.0
1506,4.0,1.0
1507,4.0,1.0
1508,5.0,0.0
1509,2.0,0.0
1510,2.0,0.0
1511,3.0,0.0
1512,2.0,0.0
1513,1.0,1.0
1514,3.0,1.0
1515,1.0,0.0
1516,4.0,1.0
1517,2.0,1.0
1518,4.0,0.0
1519,3.0,0.0
1520,4.0,0.0
1521,4.0,0.0
1522,1.0,1.0
1523,1.0,0.0
1524,2.0,1.0
1525,1.0,0.0
1526,1.0,1.0
1527,3.0,0.0
1528,1.0,1.0
1529,2.0,1.0
1530,4.0,0.0
1531,0.0,0.0
1532,5.0,0.0
1533,6.0,1.0
1534,5.0,1.0
1535,6.0,0.0
1536,5.0,0.0
1537,1.0,0.0
1538,3.0,1.0
1539,2.0,1.0
1540,3.0,1.0
1541,1.0,0.0
1542,3.0,0.0
1543,1.0,0.0
1544,4.0,1.0
1545,5.0,1.0
1546,1.0,1.0
1547,4.0,1.0
1548,2.0,1.0
1549,3.0,0.0
1550,1.0,1.0
1551,7.0,1.0
1552,1.0,1.0
1553,4.0,1.0
1554,1.0,0.0
1555,3.0,0.0
1556,3.0,1.0
1557,1.0,0.0
1558,5.0,1.0
1559,4.0,0.0
1560,5.0,1.0
1561,5.0,1.0
1562,4.0,1.0
1563,5.0,1.0
1564,2.0,1.0
1565,4.0,0.0
1566,2.0,1.0
1567,4.0,0.0
1568,3.0,1.0
1569,2.0,0.0
1570,8.0,1.0
1571,3.0,1.0
1572,3.0,0.0
1573,0.0,1.0
1574,8.0,1.0
1575,3.0,0.0
1576,2.0,1.0
1577,4.0,1.0
1578,1.0,1.0
1579,4.0,0.0
1580,4.0,1.0
1581,2.0,1.0
1582,1.0,0.0
1583,3.0,1.0
1584,2.0,0.0
1585,1.0,1.0
1586,3.0,0.0
1587,1.0,1.0
1588,5.0,0.0
1589,4.0,0.0
1590,1.0,0.0
1591,2.0,1.0
1592,2.0,0.0
1593,3.0,0.0
1594,6.0,1.0
1595,2.0,1.0
1596,2.0,1.0
1597,6.0,1.0
1598,3.0,0.0
1599,2.0,1.0
1600,2.0,1.0
1601,3.0,0.0
1602,4.0,0.0
1603,3.0,0.0
1604,4.0,0.0
1605,2.0,1.0
1606,3.0,1.0
1607,5.0,1.0
1608,5.0,0.0
1609,3.0,0.0
1610,3.0,0.0
1611,0.0,0.0
1612,3.0,0.0
1613,4.0,1.0
1614,5.0,1.0
1615,6.0,0.0
1616,3.0,1.0
1617,4.0,1.0
1618,3.0,0.0
1619,4.0,0.0
1620,3.0,0.0
1621,5.0,0.0
1622,2.0,1.0
1623,2.0,0.0
1624,5.0,1.0
1625,0.0,0.0
1626,1.0,1.0
1627,3.0,0.0
1628,6.0,1.0
1629,4.0,1.0
1630,4.0,0.0
1631,3.0,0.0
1632,9.0,0.0
1633,3.0,1.0
1634,6.0,1.0
1635,1.0,0.0
1636,1.0,0.0
1637,5.0,0.0
1638,1.0,1.0
1639,7.0,1.0
1640,0.0,1.0
1641,4.0,0.0
1642,4.0,0.0
1643,1.0,0.0
1644,4.0,1.0
1645,2.0,1.0
1646,3.0,1.0
1647,3.0,1.0
1648,2.0,1.0
1649,4.0,0.0
1650,8.0,1.0
1651,6.0,1.0
1652,6.0,1.0
1653,2.0,1.0
1654,2.0,0.0
1655,2.0,0.0
1656,5.0,1.0
1657,4.0,0.0
1658,5.0,1.0
1659,4.0,0.0
1660,0.0,1.0
1661,1.0,1.0
1662,2.0,1.0
1663,2.0,1.0
1664,10.0,1.0
1665,2.0,0.0
1666,6.0,1.0
1667,1.0,0.0
1668,5.0,1.0
1669,3.0,0.0
1670,3.0,1.0
1671,8.0,1.0
1672,7.0,0.0
1673,5.0,1.0
1674,1.0,1.0
1675,3.0,0.0
1676,0.0,1.0
1677,1.0,1.0
1678,0.0,1.0
1679,1.0,0.0
1680,1.0,1.0
1681,2.0,1.0
1682,4.0,0.0
1683,4.0,1.0
1684,1.0,0.0
1685,8.0,1.0
1686,3.0,0.0
1687,4.0,1.0
1688,2.0,0.0
1689,2.0,0.0
1690,3.0,0.0
1691,3.0,1.0
1692,2.0,0.0
1693,1.0,0.0
1694,5.0,1.0
1695,2.0,1.0
1696,2.0,1.0
1697,3.0,1.0
1698,3.0,0.0
1699,5.0,1.0
1700,7.0,1.0
1701,6.0,0.0
1702,4.0,0.0
1703,1.0,0.0
1704,6.0,0.0
1705,5.0,1.0
1706,1.0,1.0
1707,6.0,1.0
1708,5.0,0.0
1709,5.0,0.0
1710,4.0,0.0
1711,2.0,0.0
1712,6.0,0.0
1713,3.0,1.0
1714,5.0,1.0
1715,1.0,0.0
1716,8.0,1.0
1717,4.0,1.0
1718,3.0,0.0
1719,4.0,0.0
1720,3.0,0.0
1721,4.0,0.0
1722,10.0,1.0
1723,6.0,0.0
1724,4.0,1.0
1725,4.0,0.0
1726,5.0,1.0
1727,6.0,0.0
1728,2.0,1.0
1729,5.0,1.0
1730,2.0,0.0
1731,3.0,0.0
1732,3.0,0.0
1733,3.0,1.0
1734,1.0,1.0
1735,4.0,0.0
1736,1.0,0.0
1737,2.0,0.0
1738,3.0,1.0
1739,5.0,1.0
1740,7.0,1.0
1741,2.0,0.0
1742,3.0,0.0
1743,3.0,0.0
1744,4.0,1.0
1745,7.0,1.0
1746,4.0,1.0
1747,6.0,1.0
1748,4.0,1.0
1749,3.0,0.0
1750,3.0,1.0
1751,7.0,1.0
1752,6.0,1.0
1753,4.0,1.0
1754,6.0,0.0
1755,2.0,0.0
1756,6.0,1.0
1757,5.0,0.0
1758,7.0,1.0
1759,3.0,0.0
1760,5.0,1.0
1761,4.0,1.0
1762,2.0,1.0
1763,6.0,1.0
1764,4.0,1.0
1765,3.0,0.0
1766,4.0,1.0
1767,4.0,0.0
1768,5.0,1.0
1769,1.0,0.0
1770,4.0,1.0
1771,4.0,1.0
1772,4.0,0.0
1773,7.0,1.0
1774,4.0,1.0
1775,2.0,0.0
1776,2.0,1.0
1777,6.0,1.0
1778,3.0,1.0
1779,2.0,0.0
1780,7.0,1.0
1781,1.0,1.0
1782,6.0,0.0
1783,1.0,1.0
1784,3.0,0.0
1785,8.0,1.0
1786,4.0,0.0
1787,3.0,1.0
1788,3.0,0.0
1789,2.0,0.0
1790,3.0,0.0
1791,3.0,1.0
1792,3.0,0.0
1793,3.0,0.0
1794,5.0,1.0
1795,6.0,1.0
1796,5.0,1.0
1797,3.0,1.0
1798,6.0,0.0
1799,6.0,1.0
1800,3.0,1.0
1801,3.0,0.0
1802,4.0,0.0
1803,5.0,0.0
1804,7.0,0.0
1805,5.0,1.0
1806,10.0,1.0
1807,10.0,1.0
1808,2.0,0.0
1809,7.0,0.0
1810,6.0,0.0
1811,6.0,0.0
1812,3.0,0.0
1813,4.0,1.0
1814,5.0,1.0
1815,2.0,0.0
1816,5.0,1.0
1817,7.0,1.0
1818,7.0,0.0
1819,3.0,0.0
1820,6.0,0.0
1821,5.0,0.0
1822,4.0,1.0
1823,1.0,0.0
1824,4.0,1.0
1825,6.0,0.0
1826,8.0,1.0
1827,4.0,0.0
1828,11.0,1.0
1829,8.0,1.0
1830,6.0,0.0
1831,3.0,0.0
1832,11.0,0.0
1833,3.0,1.0
1834,6.0,1.0
1835,7.0,0.0
1836,3.0,0.0
1837,5.0,0.0
1838,3.0,1.0
1839,5.0,1.0
1840,6.0,1.0
1841,6.0,0.0
1842,2.0,0.0
1843,5.0,0.0
1844,6.0,1.0
1845,4.0,1.0
1846,8.0,1.0
1847,9.0,1.0
1848,10.0,1.0
1849,6.0,0.0
1850,8.0,1.0
1851,3.0,1.0
1852,8.0,1.0
1853,7.0,1.0
1854,5.0,0.0
1855,6.0,0.0
1856,5.0,1.0
1857,3.0,0.0
1858,6.0,1.0
1859,5.0,0.0
1860,10.0,1.0
1861,5.0,1.0
1862,4.0,1.0
1863,7.0,1.0
1864,5.0,1.0
1865,4.0,0.0
1866,8.0,1.0
1867,4.0,0.0
1868,5.0,1.0
1869,7.0,0.0
1870,8.0,1.0
1871,10.0,1.0
1872,6.0,0.0
1873,7.0,1.0
1874,7.0,1.0
1875,2.0,0.0
1876,6.0,1.0
1877,5.0,1.0
1878,2.0,1.0
1879,5.0,0.0
1880,2.0,1.0
1881,5.0,1.0
1882,7.0,0.0
1883,5.0,1.0
1884,3.0,0.0
1885,5.0,1.0
1886,3.0,0.0
1887,4.0,1.0
1888,1.0,0.0
1889,6.0,0.0
1890,4.0,0.0
1891,6.0,1.0
1892,8.0,0.0
1893,5.0,0.0
1894,1.0,1.0
1895,6.0,1.0
1896,8.0,1.0
1897,6.0,1.0
1898,3.0,0.0
1899,4.0,1.0
1900,7.0,1.0
1901,6.0,0.0
1902,5.0,0.0
1903,2.0,0.0
1904,5.0,0.0
1905,7.0,1.0
1906,8.0,1.0
1907,6.0,1.0
1908,3.0,0.0
1909,4.0,0.0
1910,6.0,0.0
1911,7.0,0.0
1912,4.0,0.0
1913,7.0,1.0
1914,8.0,1.0
1915,3.0,0.0
1916,6.0,1.0
1917,5.0,1.0
1918,4.0,0.0
1919,2.0,0.0
1920,5.0,0.0
1921,9.0,0.0
1922,6.0,1.0
1923,5.0,0.0
1924,5.0,1.0
1925,6.0,0.0
1926,7.0,1.0
1927,6.0,0.0
1928,3.0,1.0
1929,5.0,1.0
1930,4.0,0.0
1931,4.0,0.0
1932,6.0,0.0
1933,3.0,1.0
1934,5.0,1.0
1935,4.0,0.0
1936,3.0,0.0
1937,8.0,0.0
1938,10.0,1.0
1939,10.0,1.0
1940,8.0,1.0
1941,8.0,0.0
1942,9.0,0.0
1943,8.0,0.0
1944,10.0,1.0
1945,5.0,1.0
1946,5.0,1.0
1947,6.0,1.0
1948,5.0,1.0
1949,8.0,0.0
1950,6.0,1.0
1951,12.0,1.0
1952,7.0,1.0
1953,3.0,1.0
1954,5.0,0.0
1955,7.0,0.0
1956,4.0,1.0
1957,7.0,0.0
1958,4.0,1.0
1959,10.0,0.0
1960,5.0,1.0
1961,4.0,1.0
1962,7.0,1.0
1963,6.0,1.0
1964,6.0,1.0
1965,4.0,0.0
1966,9.0,1.0
1967,3.0,0.0
1968,6.0,1.0
1969,3.0,0.0
1970,6.0,1.0
1971,9.0,1.0
1972,4.0,0.0
1973,13.0,1.0
1974,5.0,1.0
1975,5.0,0.0
1976,5.0,1.0
1977,9.0,1.0
1978,7.0,1.0
1979,3.0,0.0
1980,5.0,1.0
1981,7.0,1.0
1982,3.0,0.0
1983,9.0,1.0
1984,6.0,0.0
1985,6.0,1.0
1986,4.0,0.0
1987,5.0,1.0
1988,4.0,0.0
1989,7.0,0.0
1990,5.0,0.0
1991,7.0,1.0
1992,8.0,0.0
1993,5.0,0.0
1994,8.0,1.0
1995,4.0,1.0
1996,8.0,1.0
1997,11.0,1.0
1998,8.0,0.0
1999,6.0,1.0
2000,8.0,1.0
2001,11.0,0.0
2002,12.0,0.0
2003,11.0,0.0
2004,12.0,0.0
2005,12.0,1.0
2006,8.0,1.0
2007,9.0,1.0
2008,6.0,0.0
2009,9.0,0.0
2010,11.0,0.0
2011,10.0,0.0
2012,13.0,0.0
2013,14.0,1.0
2014,11.0,1.0
2015,6.0,0.0
2016,5.0,1.0
2017,9.0,1.0
2018,11.0,0.0
2019,3.0,0.0
2020,11.0,0.0
2021,9.0,0.0
2022,10.0,1.0
2023,6.0,0.0
2024,9.0,1.0
2025,7.0,0.0
2026,8.0,1.0
2027,15.0,0.0
2028,5.0,1.0
2029,11.0,1.0
2030,4.0,0.0
2031,9.0,0.0
2032,8.0,0.0
2033,4.0,1.0
2034,10.0,1.0
2035,6.0,0.0
2036,11.0,0.0
2037,11.0,0.0
2038,16.0,1.0
2039,6.0,1.0
2040,10.0,1.0
2041,14.0,0.0
2042,5.0,0.0
2043,6.0,0.0
2044,13.0,1.0
2045,16.0,1.0
2046,11.0,1.0
2047,9.0,1.0
2048,8.0,1.0
2049,12.0,0.0
2050,9.0,1.0
2051,8.0,1.0
2052,10.0,1.0
2053,11.0,1.0
2054,8.0,0.0
2055,4.0,0.0
2056,7.0,1.0
2057,5.0,0.0
2058,11.0,1.0
2059,10.0,0.0
2060,6.0,1.0
2061,11.0,1.0
2062,11.0,1.0
2063,11.0,1.0
2064,7.0,1.0
2065,4.0,0.0
2066,4.0,1.0
2067,14.0,0.0
2068,11.0,1.0
2069,9.0,0.0
2070,10.0,1.0
2071,10.0,1.0
2072,11.0,0.0
2073,6.0,1.0
2074,6.0,1.0
2075,14.0,0.0
2076,8.0,1.0
2077,10.0,1.0
2078,4.0,1.0
2079,8.0,0.0
2080,8.0,1.0
2081,6.0,1.0
2082,8.0,0.0
2083,7.0,1.0
2084,9.0,0.0
2085,10.0,1.0
2086,7.0,0.0
2087,10.0,1.0
2088,9.0,0.0
2089,10.0,0.0
2090,12.0,0.0
2091,11.0,1.0
2092,13.0,0.0
2093,7.0,0.0
2094,10.0,1.0
2095,13.0,1.0
2096,6.0,1.0
2097,4.0,1.0
2098,15.0,0.0
2099,7.0,1.0
2100,9.0,1.0
2101,12.0,0.0
2102,6.0,0.0
2103,11.0,0.0
2104,5.0,0.0
2105,10.0,1.0
2106,5.0,1.0
2107,9.0,1.0
2108,10.0,0.0
2109,11.0,0.0
2110,7.0,0.0
2111,6.0,0.0
2112,12.0,0.0
2113,11.0,1.0
2114,10.0,1.0
2115,4.0,0.0
2116,11.0,1.0
2117,12.0,1.0
2118,4.0,0.0
2119,10.0,0.0
2120,12.0,0.0
2121,9.0,0.0
2122,12.0,1.0
2123,7.0,0.0
2124,15.0,1.0
2125,9.0,0.0
2126,7.0,1.0
2127,6.0,0.0
2128,13.0,1.0
2129,17.0,1.0
2130,10.0,0.0
2131,13.0,0.0
2132,10.0,0.0
2133,9.0,1.0
2134,9.0,1.0
2135,15.0,0.0
2136,10.0,0.0
2137,7.0,0.0
2138,12.0,1.0
2139,11.0,1.0
2140,12.0,1.0
2141,9.0,0.0
2142,13.0,0.0
2143,8.0,0.0
2144,11.0,1.0
2145,8.0,1.0
2146,7.0,1.0
2147,18.0,1.0
2148,11.0,1.0
2149,7.0,0.0
2150,11.0,1.0
2151,10.0,1.0
2152,5.0,1.0
2153,8.0,1.0
2154,8.0,0.0
2155,7.0,0.0
2156,12.0,1.0
2157,15.0,0.0
2158,14.0,1.0
2159,9.0,0.0
2160,16.0,1.0
2161,6.0,1.0
2162,4.0,1.0
2163,13.0,1.0
2164,8.0,1.0
2165,10.0,0.0
2166,8.0,1.0
2167,12.0,0.0
2168,14.0,1.0
2169,7.0,0.0
2170,10.0,1.0
2171,13.0,1.0
2172,10.0,0.0
2173,15.0,1.0
2174,8.0,1.0
2175,10.0,0.0
2176,10.0,1.0
2177,5.0,1.0
2178,14.0,1.0
2179,8.0,0.0
2180,9.0,1.0
2181,8.0,1.0
2182,10.0,0.0
2183,10.0,1.0
2184,9.0,0.0
2185,8.0,1.0
2186,5.0,0.0
2187,11.0,1.0
2188,4.0,0.0
2189,9.0,0.0
2190,9.0,0.0
2191,8.0,1.0
2192,13.0,0.0
2193,10.0,0.0
2194,7.0,1.0
2195,8.0,1.0
2196,9.0,1.0
2197,13.0,1.0
2198,11.0,0.0
2199,8.0,1.0
2200,19.0,1.0
2201,6.0,0.0
2202,11.0,0.0
2203,10.0,0.0
2204,11.0,0.0
2205,11.0,1.0
2206,18.0,1.0
2207,8.0,1.0
2208,10.0,0.0
2209,11.0,0.0
2210,9.0,0.0
2211,9.0,0.0
2212,10.0,0.0
2213,16.0,1.0
2214,9.0,1.0
2215,7.0,0.0
2216,17.0,1.0
2217,16.0,1.0
2218,13.0,0.0
2219,11.0,0.0
2220,9.0,0.0
2221,9.0,0.0
2222,16.0,1.0
2223,16.0,0.0
2224,18.0,1.0
2225,15.0,0.0
2226,12.0,1.0
2227,13.0,0.0
2228,18.0,1.0
2229,17.0,1.0
2230,10.0,0.0
2231,10.0,0.0
2232,9.0,0.0
2233,11.0,1.0
2234,12.0,1.0
2235,12.0,0.0
2236,8.0,0.0
2237,12.0,0.0
2238,12.0,1.0
2239,10.0,1.0
2240,12.0,1.0
2241,9.0,0.0
2242,11.0,0.0
2243,15.0,0.0
2244,12.0,1.0
2245,11.0,1.0
2246,14.0,1.0
2247,14.0,1.0
2248,11.0,1.0
2249,13.0,0.0
2250,18.0,1.0
2251,13.0,1.0
2252,14.0,1.0
2253,7.0,1.0
2254,15.0,0.0
2255,15.0,0.0
2256,15.0,1.0
2257,13.0,0.0
2258,11.0,1.0
2259,11.0,0.0
2260,11.0,1.0
2261,15.0,1.0
2262,20.0,1.0
2263,10.0,1.0
2264,8.0,1.0
2265,13.0,0.0
2266,10.0,1.0
2267,15.0,0.0
2268,9.0,1.0
2269,8.0,0.0
2270,18.0,1.0
2271,13.0,1.0
2272,7.0,0.0
2273,10.0,1.0
2274,8.0,1.0
2275,13.0,0.0
2276,15.0,1.0
2277,12.0,1.0
2278,12.0,1.0
2279,11.0,0.0
2280,20.0,1.0
2281,17.0,1.0
2282,13.0,0.0
2283,17.0,1.0
2284,16.0,0.0
2285,7.0,1.0
2286,15.0,0.0
2287,18.0,1.0
2288,11.0,0.0
2289,11.0,0.0
2290,19.0,0.0
2291,10.0,1.0
2292,6.0,0.0
2293,12.0,0.0
2294,11.0,1.0
2295,8.0,1.0
2296,8.0,1.0
2297,19.0,1.0
2298,13.0,0.0
2299,9.0,1.0
2300,19.0,1.0
2301,12.0,0.0
2302,17.0,0.0
2303,25.0,0.0
2304,16.0,0.0
2305,24.0,1.0
2306,15.0,1.0
2307,14.0,1.0
2308,13.0,0.0
2309,13.0,0.0
2310,16.0,0.0
2311,20.0,0.0
2312,24.0,0.0
2313,16.0,1.0
2314,18.0,1.0
2315,16.0,0.0
2316,15.0,1.0
2317,15.0,1.0
2318,20.0,0.0
2319,20.0,0.0
2320,12.0,0.0
2321,12.0,0.0
2322,17.0,1.0
2323,11.0,0.0
2324,21.0,1.0
2325,13.0,0.0
2326,9.0,1.0
2327,15.0,0.0
2328,15.0,1.0
2329,21.0,1.0
2330,13.0,0.0
2331,14.0,0.0
2332,15.0,0.0
2333,24.0,1.0
2334,16.0,1.0
2335,17.0,0.0
2336,27.0,0.0
2337,15.0,0.0
2338,15.0,1.0
2339,13.0,1.0
2340,14.0,1.0
2341,19.0,0.0
2342,13.0,0.0
2343,15.0,0.0
2344,18.0,1.0
2345,25.0,1.0
2346,25.0,1.0
2347,17.0,1.0
2348,18.0,1.0
2349,13.0,0.0
2350,19.0,1.0
2351,14.0,1.0
2352,13.0,1.0
2353,14.0,1.0
2354,14.0,0.0
2355,18.0,0.0
2356,13.0,1.0
2357,16.0,0.0
2358,19.0,1.0
2359,29.0,0.0
2360,15.0,1.0
2361,12.0,1.0
2362,16.0,1.0
2363,9.0,1.0
2364,18.0,1.0
2365,14.0,0.0
2366,16.0,1.0
2367,19.0,0.0
2368,16.0,1.0
2369,13.0,0.0
2370,18.0,1.0
2371,19.0,1.0
2372,16.0,0.0
2373,16.0,1.0
2374,15.0,1.0
2375,14.0,0.0
2376,16.0,1.0
2377,13.0,1.0
2378,14.0,1.0
2379,24.0,0.0
2380,20.0,1.0
2381,16.0,1.0
2382,11.0,0.0
2383,19.0,1.0
2384,14.0,0.0
2385,16.0,1.0
2386,10.0,0.0
2387,17.0,1.0
2388,8.0,0.0
2389,18.0,0.0
2390,16.0,0.0
2391,17.0,1.0
2392,13.0,0.0
2393,12.0,0.0
2394,20.0,1.0
2395,18.0,1.0
2396,13.0,1.0
2397,15.0,1.0
2398,9.0,0.0
2399,16.0,1.0
2400,18.0,1.0
2401,19.0,0.0
2402,18.0,0.0
2403,20.0,0.0
2404,13.0,0.0
2405,19.0,1.0
2406,20.0,1.0
2407,21.0,1.0
2408,13.0,0.0
2409,24.0,0.0
2410,13.0,0.0
2411,21.0,0.0
2412,16.0,0.0
2413,24.0,1.0
2414,18.0,1.0
2415,14.0,0.0
2416,19.0,1.0
2417,11.0,1.0
2418,20.0,0.0
2419,17.0,0.0
2420,19.0,0.0
2421,21.0,0.0
2422,25.0,1.0
2423,21.0,0.0
2424,17.0,1.0
2425,10.0,0.0
2426,22.0,1.0
2427,17.0,0.0
2428,21.0,1.0
2429,13.0,1.0
2430,22.0,0.0
2431,14.0,0.0
2432,16.0,0.0
2433,19.0,1.0
2434,19.0,1.0
2435,16.0,0.0
2436,22.0,0.0
2437,12.0,0.0
2438,20.0,1.0
2439,9.0,1.0
2440,16.0,1.0
2441,24.0,0.0
2442,12.0,0.0
2443,27.0,0.0
2444,19.0,1.0
2445,19.0,1.0
2446,16.0,1.0
2447,21.0,1.0
2448,25.0,1.0
2449,14.0,0.0
2450,15.0,1.0
2451,22.0,1.0
2452,27.0,1.0
2453,19.0,1.0
2454,21.0,0.0
2455,19.0,0.0
2456,17.0,1.0
2457,15.0,0.0
2458,20.0,1.0
2459,19.0,0.0
2460,23.0,1.0
2461,19.0,1.0
2462,14.0,1.0
2463,17.0,1.0
2464,27.0,1.0
2465,12.0,0.0
2466,25.0,1.0
2467,23.0,0.0
2468,20.0,1.0
2469,18.0,0.0
2470,15.0,1.0
2471,28.0,1.0
2472,24.0,0.0
2473,7.0,1.0
2474,21.0,1.0
2475,15.0,0.0
2476,17.0,1.0
2477,12.0,1.0
2478,24.0,1.0
2479,19.0,0.0
2480,19.0,1.0
2481,19.0,1.0
2482,20.0,0.0
2483,21.0,1.0
2484,16.0,0.0
2485,23.0,1.0
2486,22.0,0.0
2487,20.0,1.0
2488,24.0,0.0
2489,9.0,0.0
2490,17.0,0.0
2491,19.0,1.0
2492,19.0,0.0
2493,16.0,0.0
2494,21.0,1.0
2495,26.0,1.0
2496,27.0,1.0
2497,27.0,1.0
2498,20.0,0.0
2499,23.0,1.0
2500,28.0,1.0
2501,30.0,0.0
2502,26.0,0.0
2503,26.0,0.0
2504,32.0,0.0
2505,24.0,1.0
2506,33.0,1.0
2507,31.0,1.0
2508,32.0,0.0
2509,26.0,0.0
2510,19.0,0.0
2511,30.0,0.0
2512,28.0,0.0
2513,21.0,1.0
2514,34.0,1.0
2515,21.0,0.0
2516,23.0,1.0
2517,27.0,1.0
2518,18.0,0.0
2519,18.0,0.0
2520,20.0,0.0
2521,27.0,0.0
2522,25.0,1.0
2523,18.0,0.0
2524,26.0,1.0
2525,22.0,0.0
2526,29.0,1.0
2527,27.0,0.0
2528,19.0,1.0
2529,27.0,1.0
2530,26.0,0.0
2531,28.0,0.0
2532,18.0,0.0
2533,19.0,1.0
2534,21.0,1.0
2535,28.0,0.0
2536,18.0,0.0
2537,22.0,0.0
2538,34.0,1.0
2539,25.0,1.0
2540,27.0,1.0
2541,17.0,0.0
2542,22.0,0.0
2543,26.0,0.0
2544,25.0,1.0
2545,30.0,1.0
2546,27.0,1.0
2547,31.0,1.0
2548,25.0,1.0
2549,27.0,0.0
2550,23.0,1.0
2551,30.0,1.0
2552,30.0,1.0
2553,30.0,1.0
2554,19.0,0.0
2555,13.0,0.0
2556,25.0,1.0
2557,27.0,0.0
2558,22.0,1.0
2559,24.0,0.0
2560,25.0,1.0
2561,26.0,1.0
2562,23.0,1.0
2563,34.0,1.0
2564,28.0,1.0
2565,24.0,0.0
2566,21.0,1.0
2567,25.0,0.0
2568,29.0,1.0
2569,30.0,0.0
2570,21.0,1.0
2571,30.0,1.0
2572,27.0,0.0
2573,23.0,1.0
2574,27.0,1.0
2575,20.0,0.0
2576,29.0,1.0
2577,29.0,1.0
2578,23.0,1.0
2579,25.0,0.0
2580,34.0,1.0
2581,27.0,1.0
2582,29.0,0.0
2583,26.0,1.0
2584,28.0,0.0
2585,23.0,1.0
2586,17.0,0.0
2587,23.0,1.0
2588,31.0,0.0
2589,26.0,0.0
2590,27.0,0.0
2591,23.0,1.0
2592,12.0,0.0
2593,23.0,0.0
2594,22.0,1.0
2595,31.0,1.0
2596,31.0,1.0
2597,38.0,1.0
2598,18.0,0.0
2599,23.0,1.0
2600,28.0,1.0
2601,28.0,0.0
2602,31.0,0.0
2603,33.0,0.0
2604,30.0,0.0
2605,24.0,1.0
2606,38.0,1.0
2607,35.0,1.0
2608,21.0,0.0
2609,32.0,0.0
2610,30.0,0.0
2611,36.0,0.0
2612,26.0,0.0
2613,27.0,1.0
2614,50.0,1.0
2615,26.0,0.0
2616,24.0,1.0
2617,29.0,1.0
2618,27.0,0.0
2619,28.0,0.0
2620,31.0,0.0
2621,34.0,0.0
2622,26.0,1.0
2623,26.0,0.0
2624,29.0,1.0
2625,26.0,0.0
2626,38.0,1.0
2627,37.0,0.0
2628,36.0,1.0
2629,32.0,1.0
2630,21.0,0.0
2631,31.0,0.0
2632,28.0,0.0
2633,36.0,1.0
2634,34.0,1.0
2635,19.0,0.0
2636,28.0,0.0
2637,26.0,0.0
2638,32.0,1.0
2639,35.0,1.0
2640,24.0,1.0
2641,29.0,0.0
2642,37.0,0.0
2643,24.0,0.0
2644,29.0,1.0
2645,24.0,1.0
2646,17.0,1.0
2647,27.0,1.0
2648,20.0,1.0
2649,34.0,0.0
2650,27.0,1.0
2651,34.0,1.0
2652,42.0,1.0
2653,32.0,1.0
2654,29.0,0.0
2655,36.0,0.0
2656,27.0,1.0
2657,27.0,0.0
2658,34.0,1.0
2659,32.0,0.0
2660,26.0,1.0
2661,25.0,1.0
2662,31.0,1.0
2663,27.0,1.0
2664,34.0,1.0
2665,26.0,0.0
2666,30.0,1.0
2667,27.0,0.0
2668,38.0,1.0
2669,26.0,0.0
2670,32.0,1.0
2671,24.0,1.0
2672,29.0,0.0
2673,28.0,1.0
2674,44.0,1.0
2675,23.0,0.0
2676,29.0,1.0
2677,36.0,1.0
2678,28.0,1.0
2679,33.0,0.0
2680,31.0,1.0
2681,26.0,1.0
2682,38.0,0.0
2683,34.0,1.0
2684,34.0,0.0
2685,43.0,1.0
2686,19.0,0.0
2687,37.0,1.0
2688,26.0,0.0
2689,42.0,0.0
2690,26.0,0.0
2691,17.0,1.0
2692,29.0,0.0
2693,34.0,0.0
2694,19.0,1.0
2695,25.0,1.0
2696,27.0,1.0
2697,33.0,1.0
2698,35.0,0.0
2699,28.0,1.0
2700,40.0,1.0
2701,40.0,0.0
2702,51.0,0.0
2703,40.0,0.0
2704,45.0,0.0
2705,34.0,1.0
2706,36.0,1.0
2707,39.0,1.0
2708,37.0,0.0
2709,31.0,0.0
2710,39.0,0.0
2711,37.0,0.0
2712,34.0,0.0
2713,50.0,1.0
2714,34.0,1.0
2715,33.0,0.0
2716,42.0,1.0
2717,30.0,1.0
2718,42.0,0.0
2719,39.0,0.0
2720,30.0,0.0
2721,32.0,0.0
2722,45.0,1.0
2723,35.0,0.0
2724,39.0,1.0
2725,43.0,0.0
2726,50.0,1.0
2727,34.0,0.0
2728,36.0,1.0
2729,38.0,1.0
2730,44.0,0.0
2731,40.0,0.0
2732,36.0,0.0
2733,31.0,1.0
2734,46.0,1.0
2735,37.0,0.0
2736,35.0,0.0
2737,34.0,0.0
2738,47.0,1.0
2739,47.0,1.0
2740,31.0,1.0
2741,33.0,0.0
2742,36.0,0.0
2743,34.0,0.0
2744,41.0,1.0
2745,37.0,1.0
2746,34.0,1.0
2747,32.0,1.0
2748,48.0,1.0
2749,33.0,0.0
2750,39.0,1.0
2751,35.0,1.0
2752,37.0,1.0
2753,47.0,1.0
2754,37.0,0.0
2755,45.0,0.0
2756,39.0,1.0
2757,41.0,0.0
2758,54.0,1.0
2759,32.0,0.0
2760,35.0,1.0
2761,33.0,1.0
2762,47.0,1.0
2763,38.0,1.0
2764,39.0,1.0
2765,42.0,0.0
2766,34.0,1.0
2767,40.0,0.0
2768,41.0,1.0
2769,37.0,0.0
2770,39.0,1.0
2771,36.0,1.0
2772,30.0,0.0
2773,38.0,1.0
2774,41.0,1.0
2775,31.0,0.0
2776,40.0,1.0
2777,50.0,1.0
2778,42.0,1.0
2779,38.0,0.0
2780,33.0,1.0
2781,26.0,1.0
2782,32.0,0.0
2783,34.0,1.0
2784,25.0,0.0
2785,36.0,1.0
2786,32.0,0.0
2787,31.0,1.0
2788,44.0,0.0
2789,39.0,0.0
2790,43.0,0.0
2791,34.0,1.0
2792,38.0,0.0
2793,39.0,0.0
2794,46.0,1.0
2795,35.0,1.0
2796,35.0,1.0
2797,40.0,1.0
2798,27.0,0.0
2799,57.0,1.0
2800,54.0,1.0
2801,47.0,0.0
2802,38.0,0.0
2803,49.0,0.0
2804,60.0,0.0
2805,42.0,1.0
2806,48.0,1.0
2807,44.0,1.0
2808,49.0,0.0
2809,56.0,0.0
2810,47.0,0.0
2811,40.0,0.0
2812,53.0,0.0
2813,46.0,1.0
2814,54.0,1.0
2815,46.0,0.0
2816,41.0,1.0
2817,48.0,1.0
2818,51.0,0.0
2819,51.0,0.0
2820,49.0,0.0
2821,54.0,0.0
2822,36.0,1.0
2823,46.0,0.0
2824,44.0,1.0
2825,57.0,0.0
2826,44.0,1.0
2827,53.0,0.0
2828,58.0,1.0
2829,60.0,1.0
2830,44.0,0.0
2831,32.0,0.0
2832,50.0,0.0
2833,52.0,1.0
2834,47.0,1.0
2835,41.0,0.0
2836,45.0,0.0
2837,45.0,0.0
2838,54.0,1.0
2839,44.0,1.0
2840,63.0,1.0
2841,55.0,0.0
2842,51.0,0.0
2843,46.0,0.0
2844,47.0,1.0
2845,47.0,1.0
2846,63.0,1.0
2847,51.0,1.0
2848,47.0,1.0
2849,51.0,0.0
2850,49.0,1.0
2851,47.0,1.0
2852,47.0,1.0
2853,49.0,1.0
2854,66.0,0.0
2855,59.0,0.0
2856,31.0,1.0
2857,58.0,0.0
2858,39.0,1.0
2859,54.0,0.0
2860,47.0,1.0
2861,66.0,1.0
2862,48.0,1.0
2863,37.0,1.0
2864,43.0,1.0
2865,49.0,0.0
2866,58.0,1.0
2867,59.0,0.0
2868,61.0,1.0
2869,53.0,0.0
2870,56.0,1.0
2871,47.0,1.0
2872,49.0,0.0
2873,51.0,1.0
2874,44.0,1.0
2875,43.0,0.0
2876,54.0,1.0
2877,52.0,1.0
2878,40.0,1.0
2879,52.0,0.0
2880,46.0,1.0
2881,63.0,1.0
2882,45.0,0.0
2883,54.0,1.0
2884,45.0,0.0
2885,48.0,1.0
2886,47.0,0.0
2887,49.0,1.0
2888,40.0,0.0
2889,44.0,0.0
2890,42.0,0.0
2891,64.0,1.0
2892,63.0,0.0
2893,61.0,0.0
2894,55.0,1.0
2895,58.0,1.0
2896,44.0,1.0
2897,36.0,1.0
2898,49.0,0.0
2899,54.0,1.0
2900,58.0,1.0
2901,56.0,0.0
2902,51.0,0.0
2903,47.0,0.0
2904,60.0,0.0
2905,60.0,1.0
2906,52.0,1.0
2907,72.0,1.0
2908,62.0,0.0
2909,56.0,0.0
2910,54.0,0.0
2911,50.0,0.0
2912,66.0,0.0
2913,63.0,1.0
2914,56.0,1.0
2915,56.0,0.0
2916,72.0,1.0
2917,68.0,1.0
2918,59.0,0.0
2919,83.0,0.0
2920,65.0,0.0
2921,60.0,0.0
2922,46.0,1.0
2923,55.0,0.0
2924,67.0,1.0
2925,56.0,0.0
2926,61.0,1.0
2927,61.0,0.0
2928,64.0,1.0
2929,74.0,1.0
2930,57.0,0.0
2931,68.0,0.0
2932,57.0,0.0
2933,59.0,1.0
2934,76.0,1.0
2935,52.0,0.0
2936,69.0,0.0
2937,62.0,0.0
2938,70.0,1.0
2939,59.0,1.0
2940,62.0,1.0
2941,60.0,0.0
2942,58.0,0.0
2943,56.0,0.0
2944,64.0,1.0
2945,62.0,1.0
2946,50.0,1.0
2947,63.0,1.0
2948,56.0,1.0
2949,54.0,0.0
2950,48.0,1.0
2951,71.0,1.0
2952,73.0,1.0
2953,63.0,1.0
2954,55.0,0.0
2955,46.0,0.0
2956,57.0,1.0
2957,60.0,0.0
2958,75.0,1.0
2959,57.0,0.0
2960,51.0,1.0
2961,62.0,1.0
2962,53.0,1.0
2963,62.0,1.0
2964,55.0,1.0
2965,67.0,0.0
2966,53.0,1.0
2967,71.0,0.0
2968,53.0,1.0
2969,63.0,0.0
2970,55.0,1.0
2971,69.0,1.0
2972,48.0,0.0
2973,78.0,1.0
2974,65.0,1.0
2975,57.0,0.0
2976,54.0,1.0
2977,73.0,1.0
2978,55.0,1.0
2979,55.0,0.0
2980,54.0,1.0
2981,58.0,1.0
2982,56.0,0.0
2983,76.0,1.0
2984,55.0,0.0
2985,55.0,1.0
2986,68.0,0.0
2987,62.0,1.0
2988,51.0,0.0
2989,64.0,0.0
2990,65.0,0.0
2991,54.0,1.0
2992,55.0,0.0
2993,56.0,0.0
2994,62.0,1.0
2995,51.0,1.0
2996,54.0,1.0
2997,60.0,1.0
2998,69.0,0.0
2999,72.0,1.0
3000,70.0,1.0
3001,75.0,0.0
3002,67.0,0.0
3003,78.0,0.0
3004,78.0,0.0
3005,68.0,1.0
3006,70.0,1.0
3007,95.0,1.0
3008,70.0,0.0
3009,82.0,0.0
3010,73.0,0.0
3011,94.0,0.0
3012,76.0,0.0
3013,78.0,1.0
3014,64.0,1.0
3015,77.0,0.0
3016,71.0,1.0
3017,82.0,1.0
3018,69.0,0.0
3019,71.0,0.0
3020,70.0,0.0
3021,67.0,0.0
3022,70.0,1.0
3023,72.0,0.0
3024,68.0,1.0
3025,72.0,0.0
3026,81.0,1.0
3027,68.0,0.0
3028,66.0,1.0
3029,87.0,1.0
3030,85.0,0.0
3031,80.0,0.0
3032,67.0,0.0
3033,70.0,1.0
3034,68.0,1.0
3035,73.0,0.0
3036,71.0,0.0
3037,80.0,0.0
3038,73.0,1.0
3039,90.0,1.0
3040,82.0,1.0
3041,77.0,0.0
3042,78.0,0.0
3043,95.0,0.0
3044,88.0,1.0
3045,81.0,1.0
3046,71.0,1.0
3047,89.0,1.0
3048,77.0,1.0
3049,80.0,0.0
3050,79.0,1.0
3051,98.0,1.0
3052,77.0,1.0
3053,86.0,1.0
3054,89.0,0.0
3055,80.0,0.0
3056,95.0,1.0
3057,84.0,0.0
3058,71.0,1.0
3059,75.0,0.0
3060,87.0,1.0
3061,72.0,1.0
3062,83.0,1.0
3063,86.0,1.0
3064,53.0,1.0
3065,76.0,0.0
3066,68.0,1.0
3067,73.0,0.0
3068,78.0,1.0
3069,71.0,0.0
3070,78.0,1.0
3071,85.0,1.0
3072,74.0,0.0
3073,87.0,1.0
3074,51.0,1.0
3075,87.0,0.0
3076,88.0,1.0
3077,75.0,1.0
3078,84.0,1.0
3079,87.0,0.0
3080,71.0,1.0
3081,75.0,1.0
3082,71.0,0.0
3083,72.0,1.0
3084,79.0,0.0
3085,78.0,1.0
3086,79.0,0.0
3087,75.0,1.0
3088,99.0,0.0
3089,76.0,0.0
3090,78.0,0.0
3091,69.0,1.0
3092,75.0,0.0
3093,82.0,0.0
3094,93.0,1.0
3095,76.0,1.0
3096,94.0,1.0
3097,79.0,1.0
3098,78.0,0.0
3099,94.0,1.0
3100,89.0,1.0
3101,87.0,0.0
3102,88.0,0.0
3103,80.0,0.0
3104,109.0,0.0
3105,95.0,1.0
3106,88.0,1.0
3107,87.0,1.0
3108,112.0,0.0
3109,78.0,0.0
3110,93.0,0.0
3111,91.0,0.0
3112,113.0,0.0
3113,89.0,1.0
3114,99.0,1.0
3115,102.0,0.0
3116,105.0,1.0
3117,89.0,1.0
3118,111.0,0.0
3119,84.0,0.0
3120,87.0,0.0
3121,111.0,0.0
3122,97.0,1.0
3123,92.0,0.0
3124,100.0,1.0
3125,110.0,0.0
3126,98.0,1.0
3127,92.0,0.0
3128,110.0,1.0
3129,94.0,1.0
3130,98.0,0.0
3131,93.0,0.0
3132,92.0,0.0
3133,93.0,1.0
3134,85.0,1.0
3135,107.0,0.0
3136,96.0,0.0
3137,84.0,0.0
3138,91.0,1.0
3139,93.0,1.0
3140,103.0,1.0
3141,120.0,0.0
3142,101.0,0.0
3143,113.0,0.0
3144,89.0,1.0
3145,107.0,1.0
3146,79.0,1.0
3147,103.0,1.0
3148,98.0,1.0
3149,98.0,0.0
3150,110.0,1.0
3151,81.0,1.0
3152,87.0,1.0
3153,102.0,1.0
3154,67.0,0.0
3155,122.0,0.0
3156,85.0,1.0
3157,89.0,0.0
3158,95.0,1.0
3159,88.0,0.0
3160,105.0,1.0
3161,91.0,1.0
3162,102.0,1.0
3163,87.0,1.0
3164,80.0,1.0
3165,103.0,0.0
3166,101.0,1.0
3167,119.0,0.0
3168,108.0,1.0
3169,102.0,0.0
3170,109.0,1.0
3171,102.0,1.0
3172,96.0,0.0
3173,103.0,1.0
3174,100.0,1.0
3175,93.0,0.0
3176,115.0,1.0
3177,79.0,1.0
3178,90.0,1.0
3179,104.0,0.0
3180,111.0,1.0
3181,97.0,1.0
3182,77.0,0.0
3183,107.0,1.0
3184,97.0,0.0
3185,84.0,1.0
3186,89.0,0.0
3187,92.0,1.0
3188,103.0,0.0
3189,106.0,0.0
3190,95.0,0.0
3191,103.0,1.0
3192,94.0,0.0
3193,88.0,0.0
3194,87.0,1.0
3195,101.0,1.0
3196,87.0,1.0
3197,100.0,1.0
3198,94.0,0.0
3199,92.0,1.0
3200,130.0,1.0
3201,103.0,0.0
3202,107.0,0.0
3203,132.0,0.0
3204,125.0,0.0
3205,131.0,1.0
3206,115.0,1.0
3207,118.0,1.0
3208,114.0,0.0
3209,122.0,0.0
3210,113.0,0.0
3211,130.0,0.0
3212,124.0,0.0
3213,107.0,1.0
3214,122.0,1.0
3215,131.0,0.0
3216,119.0,1.0
3217,118.0,1.0
3218,117.0,0.0
3219,121.0,0.0
3220,129.0,0.0
3221,95.0,0.0
3222,119.0,1.0
3223,120.0,0.0
3224,120.0,1.0
3225,115.0,0.0
3226,127.0,1.0
3227,118.0,0.0
3228,128.0,1.0
3229,125.0,1.0
3230,123.0,0.0
3231,135.0,0.0
3232,128.0,0.0
3233,134.0,1.0
3234,142.0,1.0
3235,123.0,0.0
3236,123.0,0.0
3237,113.0,0.0
3238,121.0,1.0
3239,116.0,1.0
3240,135.0,1.0
3241,113.0,0.0
3242,110.0,0.0
3243,120.0,0.0
3244,127.0,1.0
3245,104.0,1.0
3246,120.0,1.0
3247,127.0,1.0
3248,105.0,1.0
3249,127.0,0.0
3250,108.0,1.0
3251,115.0,1.0
3252,110.0,1.0
3253,146.0,1.0
3254,116.0,0.0
3255,114.0,0.0
3256,135.0,1.0
3257,128.0,0.0
3258,127.0,1.0
3259,120.0,0.0
3260,126.0,1.0
3261,119.0,1.0
3262,121.0,1.0
3263,121.0,1.0
3264,140.0,1.0
3265,140.0,0.0
3266,113.0,1.0
3267,128.0,0.0
3268,121.0,1.0
3269,120.0,0.0
3270,124.0,1.0
3271,138.0,1.0
3272,108.0,0.0
3273,124.0,1.0
3274,133.0,1.0
3275,115.0,0.0
3276,115.0,1.0
3277,134.0,1.0
3278,121.0,1.0
3279,109.0,0.0
3280,140.0,1.0
3281,121.0,1.0
3282,126.0,0.0
3283,101.0,1.0
3284,141.0,0.0
3285,110.0,1.0
3286,121.0,0.0
3287,127.0,1.0
3288,108.0,0.0
3289,105.0,0.0
3290,133.0,0.0
3291,114.0,1.0
3292,125.0,0.0
3293,138.0,0.0
3294,119.0,1.0
3295,145.0,1.0
3296,121.0,1.0
3297,156.0,1.0
3298,111.0,0.0
3299,122.0,1.0
3300,128.0,1.0
3301,141.0,0.0
3302,132.0,0.0
3303,141.0,0.0
3304,157.0,0.0
3305,141.0,1.0
3306,168.0,1.0
3307,169.0,1.0
3308,152.0,0.0
3309,132.0,0.0
3310,148.0,0.0
3311,166.0,0.0
3312,147.0,0.0
3313,150.0,1.0
3314,139.0,1.0
3315,143.0,0.0
3316,167.0,1.0
3317,157.0,1.0
3318,169.0,0.0
3319,160.0,0.0
3320,138.0,0.0
3321,160.0,0.0
3322,145.0,1.0
3323,150.0,0.0
3324,177.0,1.0
3325,152.0,0.0
3326,158.0,1.0
3327,148.0,0.0
3328,175.0,1.0
3329,162.0,1.0
3330,139.0,0.0
3331,171.0,0.0
3332,146.0,0.0
3333,148.0,1.0
3334,151.0,1.0
3335,131.0,0.0
3336,158.0,0.0
3337,158.0,0.0
3338,152.0,1.0
3339,154.0,1.0
3340,144.0,1.0
3341,146.0,0.0
3342,141.0,0.0
3343,151.0,0.0
3344,139.0,1.0
3345,184.0,1.0
3346,162.0,1.0
3347,142.0,1.0
3348,167.0,1.0
3349,156.0,0.0
3350,140.0,1.0
3351,127.0,1.0
3352,160.0,1.0
3353,167.0,1.0
3354,146.0,0.0
3355,140.0,0.0
3356,157.0,1.0
3357,139.0,0.0
3358,163.0,1.0
3359,134.0,0.0
3360,148.0,1.0
3361,134.0,1.0
3362,157.0,1.0
3363,160.0,1.0
3364,171.0,1.0
3365,129.0,0.0
3366,155.0,1.0
3367,145.0,0.0
3368,139.0,1.0
3369,146.0,0.0
3370,145.0,1.0
3371,163.0,1.0
3372,159.0,0.0
3373,160.0,1.0
3374,148.0,1.0
3375,157.0,0.0
3376,146.0,1.0
3377,160.0,1.0
3378,135.0,1.0
3379,145.0,0.0
3380,134.0,1.0
3381,137.0,1.0
3382,147.0,0.0
3383,152.0,1.0
3384,173.0,0.0
3385,154.0,1.0
3386,171.0,0.0
3387,139.0,1.0
3388,158.0,0.0
3389,170.0,0.0
3390,157.0,0.0
3391,126.0,1.0
3392,145.0,0.0
3393,147.0,0.0
3394,153.0,1.0
3395,157.0,1.0
3396,146.0,1.0
3397,133.0,1.0
3398,133.0,0.0
3399,163.0,1.0
3400,195.0,1.0
3401,173.0,0.0
3402,178.0,0.0
3403,167.0,0.0
3404,205.0,0.0
3405,184.0,1.0
3406,183.0,1.0
3407,208.0,1.0
3408,181.0,0.0
3409,178.0,0.0
3410,186.0,0.0
3411,182.0,0.0
3412,181.0,0.0
3413,169.0,1.0
3414,191.0,1.0
3415,175.0,0.0
3416,186.0,1.0
3417,213.0,1.0
3418,179.0,0.0
3419,201.0,0.0
3420,218.0,0.0
3421,207.0,0.0
3422,194.0,1.0
3423,175.0,0.0
3424,193.0,1.0
3425,194.0,0.0
3426,166.0,1.0
3427,166.0,0.0
3428,202.0,1.0
3429,201.0,1.0
3430,198.0,0.0
3431,202.0,0.0
3432,191.0,0.0
3433,188.0,1.0
3434,153.0,1.0
3435,172.0,0.0
3436,198.0,0.0
3437,191.0,0.0
3438,204.0,1.0
3439,202.0,1.0
3440,202.0,1.0
3441,178.0,0.0
3442,206.0,0.0
3443,177.0,0.0
3444,176.0,1.0
3445,191.0,1.0
3446,166.0,1.0
3447,185.0,1.0
3448,173.0,1.0
3449,169.0,0.0
3450,183.0,1.0
3451,183.0,1.0
3452,200.0,1.0
3453,203.0,1.0
3454,177.0,0.0
3455,180.0,0.0
3456,188.0,1.0
3457,186.0,0.0
3458,179.0,1.0
3459,178.0,0.0
3460,179.0,1.0
3461,189.0,1.0
3462,195.0,1.0
3463,180.0,1.0
3464,193.0,1.0
3465,201.0,0.0
3466,184.0,1.0
3467,165.0,0.0
3468,194.0,1.0
3469,205.0,0.0
3470,169.0,1.0
3471,185.0,1.0
3472,193.0,0.0
3473,170.0,1.0
3474,170.0,1.0
3475,194.0,0.0
3476,211.0,1.0
3477,219.0,1.0
3478,189.0,1.0
3479,217.0,0.0
3480,195.0,1.0
3481,200.0,1.0
3482,209.0,0.0
3483,179.0,1.0
3484,179.0,0.0
3485,212.0,1.0
3486,210.0,0.0
3487,185.0,1.0
3488,210.0,0.0
3489,194.0,0.0
3490,170.0,0.0
3491,198.0,1.0
3492,195.0,0.0
3493,208.0,0.0
3494,187.0,1.0
3495,173.0,1.0
3496,214.0,1.0
3497,188.0,1.0
3498,204.0,0.0
3499,175.0,1.0
3500,260.0,1.0
3501,237.0,0.0
3502,210.0,0.0
3503,237.0,0.0
3504,252.0,0.0
3505,245.0,1.0
3506,252.0,1.0
3507,242.0,1.0
3508,244.0,0.0
3509,227.0,0.0
3510,230.0,0.0
3511,244.0,0.0
3512,244.0,0.0
3513,243.0,1.0
3514,232.0,1.0
3515,230.0,0.0
3516,225.0,1.0
3517,257.0,1.0
3518,245.0,0.0
3519,232.0,0.0
3520,252.0,0.0
3521,236.0,0.0
3522,253.0,1.0
3523,226.0,0.0
3524,250.0,1.0
3525,245.0,0.0
3526,235.0,1.0
3527,253.0,0.0
3528,218.0,1.0
3529,212.0,1.0
3530,229.0,0.0
3531,231.0,0.0
3532,235.0,0.0
3533,278.0,1.0
3534,230.0,1.0
3535,210.0,0.0
3536,229.0,0.0
3537,230.0,0.0
3538,236.0,1.0
3539,254.0,1.0
3540,252.0,1.0
3541,226.0,0.0
3542,230.0,0.0
3543,239.0,0.0
3544,224.0,1.0
3545,246.0,1.0
3546,207.0,1.0
3547,242.0,1.0
3548,231.0,1.0
3549,260.0,0.0
3550,246.0,1.0
3551,251.0,1.0
3552,244.0,1.0
3553,248.0,1.0
3554,221.0,0.0
3555,263.0,0.0
3556,244.0,1.0
3557,228.0,0.0
3558,241.0,1.0
3559,255.0,0.0
3560,251.0,1.0
3561,234.0,1.0
3562,232.0,1.0
3563,240.0,1.0
3564,211.0,1.0
3565,218.0,0.0
3566,223.0,1.0
3567,239.0,0.0
3568,248.0,1.0
3569,258.0,0.0
3570,245.0,1.0
3571,237.0,1.0
3572,213.0,0.0
3573,263.0,1.0
3574,248.0,1.0
3575,251.0,0.0
3576,245.0,1.0
3577,239.0,1.0
3578,244.0,1.0
3579,229.0,0.0
3580,243.0,1.0
3581,254.0,1.0
3582,260.0,0.0
3583,253.0,1.0
3584,236.0,0.0
3585,231.0,1.0
3586,239.0,0.0
3587,260.0,1.0
3588,266.0,0.0
3589,241.0,0.0
3590,244.0,0.0
3591,228.0,1.0
3592,228.0,0.0
3593,229.0,0.0
3594,257.0,1.0
3595,241.0,1.0
3596,222.0,1.0
3597,250.0,1.0
3598,257.0,0.0
3599,218.0,1.0
3600,313.0,1.0
3601,296.0,0.0
3602,307.0,0.0
3603,305.0,0.0
3604,281.0,0.0
3605,315.0,1.0
3606,286.0,1.0
3607,317.0,1.0
3608,300.0,0.0
3609,294.0,0.0
3610,286.0,0.0
3611,282.0,0.0
3612,287.0,0.0
3613,323.0,1.0
3614,277.0,1.0
3615,249.0,0.0
3616,268.0,1.0
3617,324.0,1.0
3618,324.0,0.0
3619,254.0,0.0
3620,298.0,0.0
3621,298.0,0.0
3622,319.0,1.0
3623,288.0,0.0
3624,289.0,1.0
3625,316.0,0.0
3626,279.0,1.0
3627,300.0,0.0
3628,283.0,1.0
3629,281.0,1.0
3630,319.0,0.0
3631,284.0,0.0
3632,300.0,0.0
3633,298.0,1.0
3634,302.0,1.0
3635,324.0,0.0
3636,307.0,0.0
3637,312.0,0.0
3638,303.0,1.0
3639,307.0,1.0
3640,274.0,1.0
3641,319.0,0.0
3642,315.0,0.0
3643,271.0,0.0
3644,307.0,1.0
3645,312.0,1.0
3646,298.0,1.0
3647,303.0,1.0
3648,329.0,1.0
3649,296.0,0.0
3650,306.0,1.0
3651,290.0,1.0
3652,323.0,1.0
3653,286.0,1.0
3654,258.0,0.0
3655,302.0,0.0
3656,294.0,1.0
3657,292.0,0.0
3658,289.0,1.0
3659,325.0,0.0
3660,286.0,1.0
3661,298.0,1.0
3662,324.0,1.0
3663,279.0,1.0
3664,321.0,1.0
3665,306.0,0.0
3666,301.0,1.0
3667,339.0,0.0
3668,284.0,1.0
3669,307.0,0.0
3670,301.0,1.0
3671,280.0,1.0
3672,283.0,0.0
3673,302.0,1.0
3674,301.0,1.0
3675,290.0,0.0
3676,302.0,1.0
3677,303.0,1.0
3678,304.0,1.0
3679,301.0,0.0
3680,289.0,1.0
3681,320.0,1.0
3682,277.0,0.0
3683,297.0,1.0
3684,298.0,0.0
3685,276.0,1.0
3686,275.0,0.0
3687,290.0,1.0
3688,326.0,0.0
3689,328.0,0.0
3690,321.0,0.0
3691,292.0,1.0
3692,269.0,0.0
3693,309.0,0.0
3694,308.0,1.0
3695,292.0,1.0
3696,294.0,1.0
3697,313.0,1.0
3698,299.0,0.0
3699,318.0,1.0
3700,398.0,1.0
3701,358.0,0.0
3702,385.0,0.0
3703,372.0,0.0
3704,408.0,0.0
3705,384.0,1.0
3706,383.0,1.0
3707,376.0,1.0
3708,393.0,0.0
3709,374.0,0.0
3710,373.0,0.0
3711,314.0,0.0
3712,352.0,0.0
3713,409.0,1.0
3714,376.0,1.0
3715,376.0,0.0
3716,372.0,1.0
3717,347.0,1.0
3718,402.0,0.0
3719,370.0,0.0
3720,365.0,0.0
3721,364.0,0.0
3722,417.0,1.0
3723,397.0,0.0
3724,371.0,1.0
3725,381.0,0.0
3726,370.0,1.0
3727,381.0,0.0
3728,401.0,1.0
3729,396.0,1.0
3730,396.0,0.0
3731,410.0,0.0
3732,390.0,0.0
3733,374.0,1.0
3734,393.0,1.0
3735,366.0,0.0
3736,363.0,0.0
3737,374.0,0.0
3738,379.0,1.0
3739,337.0,1.0
3740,361.0,1.0
3741,383.0,0.0
3742,366.0,0.0
3743,361.0,0.0
3744,382.0,1.0
3745,396.0,1.0
3746,378.0,1.0
3747,337.0,1.0
3748,395.0,1.0
3749,404.0,0.0
3750,369.0,1.0
3751,372.0,1.0
3752,380.0,1.0
3753,398.0,1.0
3754,390.0,0.0
3755,363.0,0.0
3756,381.0,1.0
3757,358.0,0.0
3758,394.0,1.0
3759,404.0,0.0
3760,358.0,1.0
3761,373.0,1.0
3762,416.0,1.0
3763,370.0,1.0
3764,416.0,1.0
3765,381.0,0.0
3766,403.0,1.0
3767,362.0,0.0
3768,394.0,1.0
3769,364.0,0.0
3770,397.0,1.0
3771,412.0,1.0
3772,375.0,0.0
3773,358.0,1.0
3774,372.0,1.0
3775,414.0,0.0
3776,399.0,1.0
3777,385.0,1.0
3778,371.0,1.0
3779,391.0,0.0
3780,361.0,1.0
3781,382.0,1.0
3782,345.0,0.0
3783,391.0,1.0
3784,390.0,0.0
3785,376.0,1.0
3786,370.0,0.0
3787,352.0,1.0
3788,409.0,0.0
3789,397.0,0.0
3790,391.0,0.0
3791,375.0,1.0
3792,396.0,0.0
3793,385.0,0.0
3794,417.0,1.0
3795,420.0,1.0
3796,393.0,1.0
3797,383.0,1.0
3798,394.0,0.0
3799,411.0,1.0
3800,481.0,1.0
3801,476.0,0.0
3802,496.0,0.0
3803,511.0,0.0
3804,455.0,0.0
3805,460.0,1.0
3806,465.0,1.0
3807,493.0,1.0
3808,529.0,0.0
3809,465.0,0.0
3810,460.0,0.0
3811,469.0,0.0
3812,478.0,0.0
3813,488.0,1.0
3814,471.0,1.0
3815,471.0,0.0
3816,478.0,1.0
3817,463.0,1.0
3818,503.0,0.0
3819,496.0,0.0
3820,457.0,0.0
3821,471.0,0.0
3822,491.0,1.0
3823,486.0,0.0
3824,458.0,1.0
3825,513.0,0.0
3826,511.0,1.0
3827,483.0,0.0
3828,470.0,1.0
3829,483.0,1.0
3830,488.0,0.0
3831,493.0,0.0
3832,485.0,0.0
3833,452.0,1.0
3834,472.0,1.0
3835,459.0,0.0
3836,509.0,0.0
3837,520.0,0.0
3838,517.0,1.0
3839,541.0,1.0
3840,484.0,1.0
3841,464.0,0.0
3842,469.0,0.0
3843,470.0,0.0
3844,468.0,1.0
3845,534.0,1.0
3846,439.0,1.0
3847,520.0,1.0
3848,518.0,1.0
3849,514.0,0.0
3850,447.0,1.0
3851,514.0,1.0
3852,501.0,1.0
3853,468.0,1.0
3854,442.0,0.0
3855,497.0,0.0
3856,471.0,1.0
3857,526.0,0.0
3858,457.0,1.0
3859,448.0,0.0
3860,480.0,1.0
3861,496.0,1.0
3862,491.0,1.0
3863,467.0,1.0
3864,484.0,1.0
3865,463.0,0.0
3866,474.0,1.0
3867,477.0,0.0
3868,483.0,1.0
3869,442.0,0.0
3870,450.0,1.0
3871,470.0,1.0
3872,489.0,0.0
3873,438.0,1.0
3874,481.0,1.0
3875,437.0,0.0
3876,498.0,1.0
3877,470.0,1.0
3878,482.0,1.0
3879,453.0,0.0
3880,502.0,1.0
3881,462.0,1.0
3882,478.0,0.0
3883,499.0,1.0
3884,474.0,0.0
3885,480.0,1.0
3886,476.0,0.0
3887,514.0,1.0
3888,459.0,0.0
3889,495.0,0.0
3890,471.0,0.0
3891,498.0,1.0
3892,482.0,0.0
3893,460.0,0.0
3894,504.0,1.0
3895,455.0,1.0
3896,471.0,1.0
3897,451.0,1.0
3898,501.0,0.0
3899,485.0,1.0
3900,606.0,1.0
3901,584.0,0.0
3902,649.0,0.0
3903,566.0,0.0
3904,559.0,0.0
3905,575.0,1.0
3906,573.0,1.0
3907,643.0,1.0
3908,597.0,0.0
3909,596.0,0.0
3910,620.0,0.0
3911,646.0,0.0
3912,585.0,0.0
3913,611.0,1.0
3914,612.0,1.0
3915,577.0,0.0
3916,627.0,1.0
3917,606.0,1.0
3918,640.0,0.0
3919,586.0,0.0
3920,570.0,0.0
3921,660.0,0.0
3922,624.0,1.0
3923,601.0,0.0
3924,583.0,1.0
3925,606.0,0.0
3926,595.0,1.0
3927,686.0,0.0
3928,630.0,1.0
3929,622.0,1.0
3930,658.0,0.0
3931,625.0,0.0
3932,608.0,0.0
3933,600.0,1.0
3934,598.0,1.0
3935,576.0,0.0
3936,643.0,0.0
3937,618.0,0.0
3938,626.0,1.0
3939,627.0,1.0
3940,606.0,1.0
3941,620.0,0.0
3942,604.0,0.0
3943,608.0,0.0
3944,615.0,1.0
3945,617.0,1.0
3946,602.0,1.0
3947,577.0,1.0
3948,606.0,1.0
3949,583.0,0.0
3950,634.0,1.0
3951,617.0,1.0
3952,641.0,1.0
3953,629.0,1.0
3954,645.0,0.0
3955,594.0,0.0
3956,608.0,1.0
3957,594.0,0.0
3958,619.0,1.0
3959,642.0,0.0
3960,632.0,1.0
3961,617.0,1.0
3962,631.0,1.0
3963,579.0,1.0
3964,589.0,1.0
3965,636.0,0.0
3966,609.0,1.0
3967,614.0,0.0
3968,587.0,1.0
3969,644.0,0.0
3970,575.0,1.0
3971,622.0,1.0
3972,594.0,0.0
3973,551.0,1.0
3974,594.0,1.0
3975,612.0,0.0
3976,560.0,1.0
3977,602.0,1.0
3978,525.0,1.0
3979,605.0,0.0
3980,610.0,1.0
3981,647.0,1.0
3982,609.0,0.0
3983,603.0,1.0
3984,622.0,0.0
3985,632.0,1.0
3986,611.0,0.0
3987,595.0,1.0
3988,636.0,0.0
3989,607.0,0.0
3990,604.0,0.0
3991,619.0,1.0
3992,616.0,0.0
3993,603.0,0.0
3994,601.0,1.0
3995,582.0,1.0
3996,616.0,1.0
3997,612.0,1.0
3998,602.0,0.0
3999,575.0,1.0
4000,782.0,1.0
4001,723.0,0.0
4002,790.0,0.0
4003,752.0,0.0
4004,775.0,0.0
4005,718.0,1.0
4006,792.0,1.0
4007,749.0,1.0
4008,777.0,0.0
4009,713.0,0.0
4010,783.0,0.0
4011,757.0,0.0
4012,829.0,0.0
4013,769.0,1.0
4014,750.0,1.0
4015,746.0,0.0
4016,778.0,1.0
4017,760.0,1.0
4018,800.0,0.0
4019,711.0,0.0
4020,798.0,0.0
4021,710.0,0.0
4022,720.0,1.0
4023,721.0,0.0
4024,751.0,1.0
4025,801.0,0.0
4026,735.0,1.0
4027,748.0,0.0
4028,756.0,1.0
4029,751.0,1.0
4030,763.0,0.0
4031,719.0,0.0
4032,789.0,0.0
4033,769.0,1.0
4034,763.0,1.0
4035,798.0,0.0
4036,772.0,0.0
4037,735.0,0.0
4038,712.0,1.0
4039,752.0,1.0
4040,773.0,1.0
4041,785.0,0.0
4042,779.0,0.0
4043,710.0,0.0
4044,779.0,1.0
4045,759.0,1.0
4046,767.0,1.0
4047,775.0,1.0
4048,761.0,1.0
4049,772.0,0.0
4050,776.0,1.0
4051,777.0,1.0
4052,739.0,1.0
4053,774.0,1.0
4054,766.0,0.0
4055,754.0,0.0
4056,735.0,1.0
4057,820.0,0.0
4058,756.0,1.0
4059,788.0,0.0
4060,764.0,1.0
4061,801.0,1.0
4062,725.0,1.0
4063,726.0,1.0
4064,782.0,1.0
4065,777.0,0.0
4066,710.0,1.0
4067,771.0,0.0
4068,725.0,1.0
4069,773.0,0.0
4070,776.0,1.0
4071,792.0,1.0
4072,761.0,0.0
4073,751.0,1.0
4074,724.0,1.0
4075,759.0,0.0
4076,750.0,1.0
4077,740.0,1.0
4078,787.0,1.0
4079,753.0,0.0
4080,774.0,1.0
4081,806.0,1.0
4082,711.0,0.0
4083,795.0,1.0
4084,759.0,0.0
4085,759.0,1.0
4086,786.0,0.0
4087,781.0,1.0
4088,712.0,0.0
4089,794.0,0.0
4090,757.0,0.0
4091,720.0,1.0
4092,739.0,0.0
4093,804.0,0.0
4094,729.0,1.0
4095,729.0,1.0
4096,807.0,1.0
4097,743.0,1.0
4098,726.0,0.0
4099,780.0,1.0
4100,967.0,1.0
4101,946.0,0.0
4102,964.0,0.0
4103,902.0,0.0
4104,1007.0,0.0
4105,983.0,1.0
4106,982.0,1.0
4107,952.0,1.0
4108,914.0,0.0
4109,945.0,0.0
4110,973.0,0.0
4111,939.0,0.0
4112,940.0,0.0
4113,943.0,1.0
4114,948.0,1.0
4115,929.0,0.0
4116,1002.0,1.0
4117,889.0,1.0
4118,919.0,0.0
4119,973.0,0.0
4120,984.0,0.0
4121,938.0,0.0
4122,950.0,1.0
4123,976.0,0.0
4124,999.0,1.0
4125,953.0,0.0
4126,964.0,1.0
4127,945.0,0.0
4128,982.0,1.0
4129,966.0,1.0
4130,975.0,0.0
4131,1011.0,0.0
4132,910.0,0.0
4133,975.0,1.0
4134,966.0,1.0
4135,1063.0,0.0
4136,921.0,0.0
4137,915.0,0.0
4138,965.0,1.0
4139,990.0,1.0
4140,964.0,1.0
4141,985.0,0.0
4142,935.0,0.0
4143,1013.0,0.0
4144,917.0,1.0
4145,999.0,1.0
4146,976.0,1.0
4147,966.0,1.0
4148,976.0,1.0
4149,985.0,0.0
4150,944.0,1.0
4151,950.0,1.0
4152,943.0,1.0
4153,943.0,1.0
4154,955.0,0.0
4155,952.0,0.0
4156,934.0,1.0
4157,889.0,0.0
4158,981.0,1.0
4159,889.0,0.0
4160,971.0,1.0
4161,960.0,1.0
4162,986.0,1.0
4163,925.0,1.0
4164,964.0,1.0
4165,945.0,0.0
4166,924.0,1.0
4167,972.0,0.0
4168,962.0,1.0
4169,994.0,0.0
4170,977.0,1.0
4171,963.0,1.0
4172,951.0,0.0
4173,976.0,1.0
4174,901.0,1.0
4175,947.0,0.0
4176,986.0,1.0
4177,867.0,1.0
4178,993.0,1.0
4179,950.0,0.0
4180,983.0,1.0
4181,946.0,1.0
4182,964.0,0.0
4183,936.0,1.0
4184,962.0,0.0
4185,935.0,1.0
4186,951.0,0.0
4187,963.0,1.0
4188,907.0,0.0
4189,944.0,0.0
4190,965.0,0.0
4191,943.0,1.0
4192,982.0,0.0
4193,1014.0,0.0
4194,906.0,1.0
4195,935.0,1.0
4196,909.0,1.0
4197,976.0,1.0
4198,991.0,0.0
4199,956.0,1.0
4200,1193.0,1.0
4201,1191.0,0.0
4202,1150.0,0.0
4203,1214.0,0.0
4204,1143.0,0.0
4205,1162.0,1.0
4206,1221.0,1.0
4207,1193.0,1.0
4208,1209.0,0.0
4209,1221.0,0.0
4210,1224.0,0.0
4211,1163.0,0.0
4212,1200.0,0.0
4213,1215.0,1.0
4214,1223.0,1.0
4215,1194.0,0.0
4216,1188.0,1.0
4217,1231.0,1.0
4218,1236.0,0.0
4219,1177.0,0.0
4220,1231.0,0.0
4221,1105.0,0.0
4222,1203.0,1.0
4223,1227.0,0.0
4224,1214.0,1.0
4225,1283.0,0.0
4226,1198.0,1.0
4227,1198.0,0.0
4228,1205.0,1.0
4229,1201.0,1.0
4230,1227.0,0.0
4231,1176.0,0.0
4232,1223.0,0.0
4233,1229.0,1.0
4234,1151.0,1.0
4235,1176.0,0.0
4236,1193.0,0.0
4237,1197.0,0.0
4238,1199.0,1.0
4239,1147.0,1.0
4240,1192.0,1.0
4241,1277.0,0.0
4242,1180.0,0.0
4243,1174.0,0.0
4244,1201.0,1.0
4245,1189.0,1.0
4246,1193.0,1.0
4247,1246.0,1.0
4248,1227.0,1.0
4249,1226.0,0.0
4250,1194.0,1.0
4251,1153.0,1.0
4252,1198.0,1.0
4253,1213.0,1.0
4254,1171.0,0.0
4255,1180.0,0.0
4256,1146.0,1.0
4257,1233.0,0.0
4258,1271.0,1.0
4259,1169.0,0.0
4260,1209.0,1.0
4261,1157.0,1.0
4262,1159.0,1.0
4263,1241.0,1.0
4264,1171.0,1.0
4265,1205.0,0.0
4266,1185.0,1.0
4267,1179.0,0.0
4268,1158.0,1.0
4269,1133.0,0.0
4270,1227.0,1.0
4271,1257.0,1.0
4272,1203.0,0.0
4273,1208.0,1.0
4274,1189.0,1.0
4275,1174.0,0.0
4276,1222.0,1.0
4277,1205.0,1.0
4278,1217.0,1.0
4279,1226.0,0.0
4280,1203.0,1.0
4281,1143.0,1.0
4282,1182.0,0.0
4283,1221.0,1.0
4284,1188.0,0.0
4285,1206.0,1.0
4286,1255.0,0.0
4287,1206.0,1.0
4288,1221.0,0.0
4289,1187.0,0.0
4290,1205.0,0.0
4291,1251.0,1.0
4292,1241.0,0.0
4293,1199.0,0.0
4294,1250.0,1.0
4295,1255.0,1.0
4296,1224.0,1.0
4297,1192.0,1.0
4298,1187.0,0.0
4299,1242.0,1.0
4300,1571.0,1.0
4301,1522.0,0.0
4302,1526.0,0.0
4303,1524.0,0.0
4304,1465.0,0.0
4305,1534.0,1.0
4306,1536.0,1.0
4307,1465.0,1.0
4308,1466.0,0.0
4309,1513.0,0.0
4310,1502.0,0.0
4311,1546.0,0.0
4312,1474.0,0.0
4313,1519.0,1.0
4314,1586.0,1.0
4315,1501.0,0.0
4316,1492.0,1.0
4317,1483.0,1.0
4318,1482.0,0.0
4319,1530.0,0.0
4320,1495.0,0.0
4321,1486.0,0.0
4322,1505.0,1.0
4323,1508.0,0.0
4324,1490.0,1.0
4325,1573.0,0.0
4326,1537.0,1.0
4327,1496.0,0.0
4328,1455.0,1.0
4329,1529.0,1.0
4330,1487.0,0.0
4331,1531.0,0.0
4332,1496.0,0.0
4333,1488.0,1.0
4334,1496.0,1.0
4335,1523.0,0.0
4336,1466.0,0.0
4337,1522.0,0.0
4338,1517.0,1.0
4339,1496.0,1.0
4340,1559.0,1.0
4341,1491.0,0.0
4342,1534.0,0.0
4343,1525.0,0.0
4344,1565.0,1.0
4345,1501.0,1.0
4346,1486.0,1.0
4347,1450.0,1.0
4348,1492.0,1.0
4349,1488.0,0.0
4350,1573.0,1.0
4351,1546.0,1.0
4352,1589.0,1.0
4353,1503.0,1.0
4354,1640.0,0.0
4355,1477.0,0.0
4356,1503.0,1.0
4357,1519.0,0.0
4358,1479.0,1.0
4359,1515.0,0.0
4360,1447.0,1.0
4361,1601.0,1.0
4362,1465.0,1.0
4363,1469.0,1.0
4364,1508.0,1.0
4365,1495.0,0.0
4366,1548.0,1.0
4367,1544.0,0.0
4368,1534.0,1.0
4369,1530.0,0.0
4370,1531.0,1.0
4371,1478.0,1.0
4372,1534.0,0.0
4373,1553.0,1.0
4374,1499.0,1.0
4375,1487.0,0.0
4376,1527.0,1.0
4377,1466.0,1.0
4378,1524.0,1.0
4379,1473.0,0.0
4380,1461.0,1.0
4381,1497.0,1.0
4382,1490.0,0.0
4383,1552.0,1.0
4384,1444.0,0.0
4385,1520.0,1.0
4386,1470.0,0.0
4387,1478.0,1.0
4388,1490.0,0.0
4389,1565.0,0.0
4390,1499.0,0.0
4391,1488.0,1.0
4392,1550.0,0.0
4393,1485.0,0.0
4394,1560.0,1.0
4395,1434.0,1.0
4396,1553.0,1.0
4397,1532.0,1.0
4398,1552.0,0.0
4399,1526.0,1.0
4400,1859.0,1.0
4401,1900.0,0.0
4402,1900.0,0.0
4403,1936.0,0.0
4404,1967.0,0.0
4405,1898.0,1.0
4406,1886.0,1.0
4407,1885.0,1.0
4408,1927.0,0.0
4409,1874.0,0.0
4410,1885.0,0.0
4411,1889.0,0.0
4412,1932.0,0.0
4413,1889.0,1.0
4414,1843.0,1.0
4415,1874.0,0.0
4416,1900.0,1.0
4417,1898.0,1.0
4418,1852.0,0.0
4419,1952.0,0.0
4420,1907.0,0.0
4421,1860.0,0.0
4422,1862.0,1.0
4423,1930.0,0.0
4424,1905.0,1.0
4425,1827.0,0.0
4426,1874.0,1.0
4427,1877.0,0.0
4428,1872.0,1.0
4429,2005.0,1.0
4430,1899.0,0.0
4431,2012.0,0.0
4432,1913.0,0.0
4433,1873.0,1.0
4434,1830.0,1.0
4435,1874.0,0.0
4436,1947.0,0.0
4437,1916.0,0.0
4438,2001.0,1.0
4439,1888.0,1.0
4440,1914.0,1.0
4441,1917.0,0.0
4442,1947.0,0.0
4443,1861.0,0.0
4444,1923.0,1.0
4445,1911.0,1.0
4446,1922.0,1.0
4447,1833.0,1.0
4448,1883.0,1.0
4449,1891.0,0.0
4450,1911.0,1.0
4451,1905.0,1.0
4452,1982.0,1.0
4453,1907.0,1.0
4454,1933.0,0.0
4455,1908.0,0.0
4456,1883.0,1.0
4457,1965.0,0.0
4458,1859.0,1.0
4459,1945.0,0.0
4460,1890.0,1.0
4461,1942.0,1.0
4462,1932.0,1.0
4463,1888.0,1.0
4464,1886.0,1.0
4465,1888.0,0.0
4466,1910.0,1.0
4467,1887.0,0.0
4468,1919.0,1.0
4469,1821.0,0.0
4470,1874.0,1.0
4471,1928.0,1.0
4472,1900.0,0.0
4473,1888.0,1.0
4474,1999.0,1.0
4475,1927.0,0.0
4476,1856.0,1.0
4477,1888.0,1.0
4478,1875.0,1.0
4479,1836.0,0.0
4480,1896.0,1.0
4481,1853.0,1.0
4482,1927.0,0.0
4483,1888.0,1.0
4484,1902.0,0.0
4485,1981.0,1.0
4486,1863.0,0.0
4487,1890.0,1.0
4488,1979.0,0.0
4489,1944.0,0.0
4490,1902.0,0.0
4491,1850.0,1.0
4492,1954.0,0.0
4493,1923.0,0.0
4494,1844.0,1.0
4495,1832.0,1.0
4496,1858.0,1.0
4497,1821.0,1.0
4498,1839.0,0.0
4499,1854.0,1.0
4500,2409.0,1.0
4501,2356.0,0.0
4502,2410.0,0.0
4503,2330.0,0.0
4504,2354.0,0.0
4505,2350.0,1.0
4506,2389.0,1.0
4507,2428.0,1.0
4508,2356.0,0.0
4509,2408.0,0.0
4510,2376.0,0.0
4511,2343.0,0.0
4512,2394.0,0.0
4513,2387.0,1.0
4514,2310.0,1.0
4515,2396.0,0.0
4516,2379.0,1.0
4517,2398.0,1.0
4518,2423.0,0.0
4519,2369.0,0.0
4520,2408.0,0.0
4521,2365.0,0.0
4522,2319.0,1.0
4523,2501.0,0.0
4524,2438.0,1.0
4525,2448.0,0.0
4526,2362.0,1.0
4527,2422.0,0.0
4528,2423.0,1.0
4529,2381.0,1.0
4530,2460.0,0.0
4531,2446.0,0.0
4532,2473.0,0.0
4533,2401.0,1.0
4534,2525.0,1.0
4535,2298.0,0.0
4536,2429.0,0.0
4537,2271.0,0.0
4538,2326.0,1.0
4539,2421.0,1.0
4540,2422.0,1.0
4541,2375.0,0.0
4542,2383.0,0.0
4543,2390.0,0.0
4544,2387.0,1.0
4545,2415.0,1.0
4546,2410.0,1.0
4547,2360.0,1.0
4548,2454.0,1.0
4549,2406.0,0.0
4550,2381.0,1.0
4551,2372.0,1.0
4552,2397.0,1.0
4553,2299.0,1.0
4554,2332.0,0.0
4555,2307.0,0.0
4556,2484.0,1.0
4557,2434.0,0.0
4558,2485.0,1.0
4559,2400.0,0.0
4560,2363.0,1.0
4561,2436.0,1.0
4562,2344.0,1.0
4563,2436.0,1.0
4564,2448.0,1.0
4565,2456.0,0.0
4566,2336.0,1.0
4567,2415.0,0.0
4568,2312.0,1.0
4569,2462.0,0.0
4570,2336.0,1.0
4571,2406.0,1.0
4572,2384.0,0.0
4573,2473.0,1.0
4574,2441.0,1.0
4575,2403.0,0.0
4576,2445.0,1.0
4577,2402.0,1.0
4578,2359.0,1.0
4579,2437.0,0.0
4580,2370.0,1.0
4581,2354.0,1.0
4582,2416.0,0.0
4583,2390.0,1.0
4584,2409.0,0.0
4585,2443.0,1.0
4586,2400.0,0.0
4587,2443.0,1.0
4588,2449.0,0.0
4589,2384.0,0.0
4590,2390.0,0.0
4591,2359.0,1.0
4592,2426.0,0.0
4593,2351.0,0.0
4594,2405.0,1.0
4595,2435.0,1.0
4596,2461.0,1.0
4597,2416.0,1.0
4598,2345.0,0.0
4599,2329.0,1.0
4600,2920.0,1.0
4601,2997.0,0.0
4602,3039.0,0.0
4603,3072.0,0.0
4604,2971.0,0.0
4605,3075.0,1.0
4606,3032.0,1.0
4607,3030.0,1.0
4608,3108.0,0.0
4609,2981.0,0.0
4610,3029.0,0.0
4611,2928.0,0.0
4612,2961.0,0.0
4613,2968.0,1.0
4614,3046.0,1.0
4615,3109.0,0.0
4616,3021.0,1.0
4617,2987.0,1.0
4618,3090.0,0.0
4619,3025.0,0.0
4620,3137.0,0.0
4621,3130.0,0.0
4622,2957.0,1.0
4623,3040.0,0.0
4624,3050.0,1.0
4625,3091.0,0.0
4626,3054.0,1.0
4627,2932.0,0.0
4628,3094.0,1.0
4629,3043.0,1.0
4630,3049.0,0.0
4631,2985.0,0.0
4632,2965.0,0.0
4633,3080.0,1.0
4634,2982.0,1.0
4635,2988.0,0.0
4636,3031.0,0.0
4637,3072.0,0.0
4638,3082.0,1.0
4639,3015.0,1.0
4640,2993.0,1.0
4641,2969.0,0.0
4642,2944.0,0.0
4643,3157.0,0.0
4644,2942.0,1.0
4645,3061.0,1.0
4646,3092.0,1.0
4647,3068.0,1.0
4648,2983.0,1.0
4649,3029.0,0.0
4650,3167.0,1.0
4651,3039.0,1.0
4652,3141.0,1.0
4653,3013.0,1.0
4654,3078.0,0.0
4655,2930.0,0.0
4656,2976.0,1.0
4657,2964.0,0.0
4658,3084.0,1.0
4659,3025.0,0.0
4660,3012.0,1.0
4661,3105.0,1.0
4662,3122.0,1.0
4663,2975.0,1.0
4664,3102.0,1.0
4665,2947.0,0.0
4666,3024.0,1.0
4667,2999.0,0.0
4668,2940.0,1.0
4669,2984.0,0.0
4670,3067.0,1.0
4671,2952.0,1.0
4672,2993.0,0.0
4673,2993.0,1.0
4674,3023.0,1.0
4675,3075.0,0.0
4676,2958.0,1.0
4677,2987.0,1.0
4678,3084.0,1.0
4679,3056.0,0.0
4680,3030.0,1.0
4681,3155.0,1.0
4682,2983.0,0.0
4683,3000.0,1.0
4684,2965.0,0.0
4685,2974.0,1.0
4686,3063.0,0.0
4687,2948.0,1.0
4688,2941.0,0.0
4689,3012.0,0.0
4690,2953.0,0.0
4691,2987.0,1.0
4692,3038.0,0.0
4693,3014.0,0.0
4694,3115.0,1.0
4695,3071.0,1.0
4696,2961.0,1.0
4697,3064.0,1.0
4698,2919.0,0.0
4699,2985.0,1.0
4700,3773.0,1.0
4701,3765.0,0.0
4702,3854.0,0.0
4703,3817.0,0.0
4704,3670.0,0.0
4705,3764.0,1.0
4706,3849.0,1.0
4707,3742.0,1.0
4708,3674.0,0.0
4709,3882.0,0.0
4710,3798.0,0.0
4711,3751.0,0.0
4712,3917.0,0.0
4713,3826.0,1.0
4714,3830.0,1.0
4715,3816.0,0.0
4716,3906.0,1.0
4717,3783.0,1.0
4718,3819.0,0.0
4719,3831.0,0.0
4720,3830.0,0.0
4721,3825.0,0.0
4722,3737.0,1.0
4723,3863.0,0.0
4724,3629.0,1.0
4725,3812.0,0.0
4726,3824.0,1.0
4727,3833.0,0.0
4728,3765.0,1.0
4729,3891.0,1.0
4730,3774.0,0.0
4731,3794.0,0.0
4732,3775.0,0.0
4733,3739.0,1.0
4734,3858.0,1.0
4735,3699.0,0.0
4736,3666.0,0.0
4737,3804.0,0.0
4738,3768.0,1.0
4739,3899.0,1.0
4740,3868.0,1.0
4741,3661.0,0.0
4742,3834.0,0.0
4743,3806.0,0.0
4744,3829.0,1.0
4745,3840.0,1.0
4746,3783.0,1.0
4747,3716.0,1.0
4748,3850.0,1.0
4749,3749.0,0.0
4750,3784.0,1.0
4751,3695.0,1.0
4752,3794.0,1.0
4753,3890.0,1.0
4754,3751.0,0.0
4755,3677.0,0.0
4756,3717.0,1.0
4757,3731.0,0.0
4758,3806.0,1.0
4759,3860.0,0.0
4760,3833.0,1.0
4761,3915.0,1.0
4762,3788.0,1.0
4763,3714.0,1.0
4764,3820.0,1.0
4765,3850.0,0.0
4766,3869.0,1.0
4767,3767.0,0.0
4768,3846.0,1.0
4769,3688.0,0.0
4770,3886.0,1.0
4771,3790.0,1.0
4772,3791.0,0.0
4773,3755.0,1.0
4774,3840.0,1.0
4775,3787.0,0.0
4776,3796.0,1.0
4777,3754.0,1.0
4778,3913.0,1.0
4779,3884.0,0.0
4780,3871.0,1.0
4781,3860.0,1.0
4782,3798.0,0.0
4783,3907.0,1.0
4784,3844.0,0.0
4785,3785.0,1.0
4786,3725.0,0.0
4787,3804.0,1.0
4788,3846.0,0.0
4789,3815.0,0.0
4790,3793.0,0.0
4791,3887.0,1.0
4792,3760.0,0.0
4793,3902.0,0.0
4794,3800.0,1.0
4795,3783.0,1.0
4796,3848.0,1.0
4797,3755.0,1.0
4798,3765.0,0.0
4799,3773.0,1.0
4800,4858.0,1.0
4801,4664.0,0.0
4802,4760.0,0.0
4803,4858.0,0.0
4804,4855.0,0.0
4805,4897.0,1.0
4806,4871.0,1.0
4807,4756.0,1.0
4808,4722.0,0.0
4809,4797.0,0.0
4810,4812.0,0.0
4811,4776.0,0.0
4812,4698.0,0.0
4813,4844.0,1.0
4814,4811.0,1.0
4815,4737.0,0.0
4816,4770.0,1.0
4817,4756.0,1.0
4818,4786.0,0.0
4819,4935.0,0.0
4820,4679.0,0.0
4821,4846.0,0.0
4822,4753.0,1.0
4823,4871.0,0.0
4824,4787.0,1.0
4825,4810.0,0.0
4826,4795.0,1.0
4827,4778.0,0.0
4828,4852.0,1.0
4829,4827.0,1.0
4830,4796.0,0.0
4831,4709.0,0.0
4832,4727.0,0.0
4833,4699.0,1.0
4834,4792.0,1.0
4835,4858.0,0.0
4836,4713.0,0.0
4837,4757.0,0.0
4838,4756.0,1.0
4839,4811.0,1.0
4840,4678.0,1.0
4841,4738.0,0.0
4842,4742.0,0.0
4843,4644.0,0.0
4844,4732.0,1.0
4845,4801.0,1.0
4846,4702.0,1.0
4847,4808.0,1.0
4848,4903.0,1.0
4849,4733.0,0.0
4850,4896.0,1.0
4851,4795.0,1.0
4852,4917.0,1.0
4853,4708.0,1.0
4854,4876.0,0.0
4855,4823.0,0.0
4856,4903.0,1.0
4857,4781.0,0.0
4858,4743.0,1.0
4859,4837.0,0.0
4860,4868.0,1.0
4861,4719.0,1.0
4862,4843.0,1.0
4863,4895.0,1.0
4864,4808.0,1.0
4865,4857.0,0.0
4866,4712.0,1.0
4867,4820.0,0.0
4868,4869.0,1.0
4869,4777.0,0.0
4870,4729.0,1.0
4871,4762.0,1.0
4872,4734.0,0.0
4873,4845.0,1.0
4874,4791.0,1.0
4875,4903.0,0.0
4876,4789.0,1.0
4877,4790.0,1.0
4878,4784.0,1.0
4879,4722.0,0.0
4880,4904.0,1.0
4881,4817.0,1.0
4882,4860.0,0.0
4883,4758.0,1.0
4884,4906.0,0.0
4885,4691.0,1.0
4886,4798.0,0.0
4887,4570.0,1.0
4888,4835.0,0.0
4889,4851.0,0.0
4890,4742.0,0.0
4891,4843.0,1.0
4892,4815.0,0.0
4893,4755.0,0.0
4894,4722.0,1.0
4895,4843.0,1.0
4896,4740.0,1.0
4897,4864.0,1.0
4898,4796.0,0.0
4899,4753.0,1.0
4900,6010.0,1.0
4901,6146.0,0.0
4902,5952.0,0.0
4903,5991.0,0.0
4904,6014.0,0.0
4905,6121.0,1.0
4906,6212.0,1.0
4907,6019.0,1.0
4908,6106.0,0.0
4909,6058.0,0.0
4910,6060.0,0.0
4911,6024.0,0.0
4912,6049.0,0.0
4913,6154.0,1.0
4914,6031.0,1.0
4915,6090.0,0.0
4916,5959.0,1.0
4917,6087.0,1.0
4918,6003.0,0.0
4919,6123.0,0.0
4920,5897.0,0.0
4921,6015.0,0.0
4922,6175.0,1.0
4923,6004.0,0.0
4924,6047.0,1.0
4925,5998.0,0.0
4926,6093.0,1.0
4927,6199.0,0.0
4928,6001.0,1.0
4929,6040.0,1.0
4930,6070.0,0.0
4931,6039.0,0.0
4932,6111.0,0.0
4933,6039.0,1.0
4934,5960.0,1.0
4935,6106.0,0.0
4936,5953.0,0.0
4937,6041.0,0.0
4938,6032.0,1.0
4939,5983.0,1.0
4940,6015.0,1.0
4941,6001.0,0.0
4942,5938.0,0.0
4943,6006.0,0.0
4944,6040.0,1.0
4945,6160.0,1.0
4946,6088.0,1.0
4947,6160.0,1.0
4948,6043.0,1.0
4949,6174.0,0.0
4950,5954.0,1.0
4951,6029.0,1.0
4952,6033.0,1.0
4953,6225.0,1.0
4954,6103.0,0.0
4955,6076.0,0.0
4956,5947.0,1.0
4957,5906.0,0.0
4958,6122.0,1.0
4959,6069.0,0.0
4960,5910.0,1.0
4961,5865.0,1.0
4962,6061.0,1.0
4963,5847.0,1.0
4964,6125.0,1.0
4965,5925.0,0.0
4966,5993.0,1.0
4967,6150.0,0.0
4968,6026.0,1.0
4969,6022.0,0.0
4970,6101.0,1.0
4971,5892.0,1.0
4972,5988.0,0.0
4973,5884.0,1.0
4974,5998.0,1.0
4975,5940.0,0.0
4976,6068.0,1.0
4977,6014.0,1.0
4978,5937.0,1.0
4979,6064.0,0.0
4980,5944.0,1.0
4981,6084.0,1.0
4982,6042.0,0.0
4983,6086.0,1.0
4984,6142.0,0.0
4985,6065.0,1.0
4986,5993.0,0.0
4987,6133.0,1.0
4988,6067.0,0.0
4989,5969.0,0.0
4990,6107.0,0.0
4991,5868.0,1.0
4992,6083.0,0.0
4993,5983.0,0.0
4994,6130.0,1.0
4995,6191.0,1.0
4996,6041.0,1.0
4997,6092.0,1.0
4998,6030.0,0.0
4999,6188.0,1.0
5000,7586.0,1.0
5001,7580.0,0.0
5002,7670.0,0.0
5003,7691.0,0.0
5004,7641.0,0.0
5005,7470.0,1.0
5006,7523.0,1.0
5007,7566.0,1.0
5008,7584.0,0.0
5009,7578.0,0.0
5010,7630.0,0.0
5011,7640.0,0.0
5012,7630.0,0.0
5013,7675.0,1.0
5014,7482.0,1.0
5015,7581.0,0.0
5016,7637.0,1.0
5017,7675.0,1.0
5018,7505.0,0.0
5019,7659.0,0.0
5020,7752.0,0.0
5021,7504.0,0.0
5022,7546.0,1.0
5023,7810.0,0.0
5024,7514.0,1.0
5025,7578.0,0.0
5026,7545.0,1.0
5027,7470.0,0.0
5028,7748.0,1.0
5029,7840.0,1.0
5030,7688.0,0.0
5031,7467.0,0.0
5032,7467.0,0.0
5033,7580.0,1.0
5034,7643.0,1.0
5035,7660.0,0.0
5036,7483.0,0.0
5037,7669.0,0.0
5038,7414.0,1.0
5039,7649.0,1.0
5040,7699.0,1.0
5041,7539.0,0.0
5042,7537.0,0.0
5043,7646.0,0.0
5044,7688.0,1.0
5045,7549.0,1.0
5046,7647.0,1.0
5047,7608.0,1.0
5048,7771.0,1.0
5049,7502.0,0.0
5050,7563.0,1.0
5051,7669.0,1.0
5052,7614.0,1.0
5053,7518.0,1.0
5054,7554.0,0.0
5055,7569.0,0.0
5056,7624.0,1.0
5057,7686.0,0.0
5058,7541.0,1.0
5059,7606.0,0.0
5060,7663.0,1.0
5061,7504.0,1.0
5062,7587.0,1.0
5063,7530.0,1.0
5064,7571.0,1.0
5065,7649.0,0.0
5066,7646.0,1.0
5067,7440.0,0.0
5068,7639.0,1.0
5069,7531.0,0.0
5070,7552.0,1.0
5071,7564.0,1.0
5072,7655.0,0.0
5073,7605.0,1.0
5074,7727.0,1.0
5075,7602.0,0.0
5076,7706.0,1.0
5077,7543.0,1.0
5078,7635.0,1.0
5079,7514.0,0.0
5080,7671.0,1.0
5081,7507.0,1.0
5082,7570.0,0.0
5083,7658.0,1.0
5084,7488.0,0.0
5085,7581.0,1.0
5086,7487.0,0.0
5087,7597.0,1.0
5088,7560.0,0.0
5089,7546.0,0.0
5090,7725.0,0.0
5091,7656.0,1.0
5092,7767.0,0.0
5093,7690.0,0.0
5094,7503.0,1.0
5095,7590.0,1.0
5096,7643.0,1.0
5097,7584.0,1.0
5098,7684.0,0.0
5099,7646.0,1.0
5100,9662.0,1.0
5101,9535.0,0.0
5102,9604.0,0.0
5103,9590.0,0.0
5104,9445.0,0.0
5105,9551.0,1.0
5106,9669.0,1.0
5107,9564.0,1.0
5108,9594.0,0.0
5109,9464.0,0.0
5110,9609.0,0.0
5111,9463.0,0.0
5112,9583.0,0.0
5113,9651.0,1.0
5114,9423.0,1.0
5115,9557.0,0.0
5116,9575.0,1.0
5117,9461.0,1.0
5118,9472.0,0.0
5119,9636.0,0.0
5120,9582.0,0.0
5121,9570.0,0.0
5122,9664.0,1.0
5123,9471.0,0.0
5124,9568.0,1.0
5125,9476.0,0.0
5126,9479.0,1.0
5127,9640.0,0.0
5128,9658.0,1.0
5129,9522.0,1.0
5130,9576.0,0.0
5131,9403.0,0.0
5132,9513.0,0.0
5133,9465.0,1.0
5134,9551.0,1.0
5135,9322.0,0.0
5136,9446.0,0.0
5137,9584.0,0.0
5138,9384.0,1.0
5139,9537.0,1.0
5140,9607.0,1.0
5141,9471.0,0.0
5142,9546.0,0.0
5143,9603.0,0.0
5144,9678.0,1.0
5145,9691.0,1.0
5146,9732.0,1.0
5147,9452.0,1.0
5148,9604.0,1.0
5149,9484.0,0.0
5150,9755.0,1.0
5151,9643.0,1.0
5152,9469.0,1.0
5153,9794.0,1.0
5154,9588.0,0.0
5155,9630.0,0.0
5156,9473.0,1.0
5157,9523.0,0.0
5158,9676.0,1.0
5159,9681.0,0.0
5160,9497.0,1.0
5161,9552.0,1.0
5162,9420.0,1.0
5163,9773.0,1.0
5164,9661.0,1.0
5165,9501.0,0.0
5166,9570.0,1.0
5167,9448.0,0.0
5168,9476.0,1.0
5169,9604.0,0.0
5170,9533.0,1.0
5171,9467.0,1.0
5172,9430.0,0.0
5173,9619.0,1.0
5174,9431.0,1.0
5175,9452.0,0.0
5176,9625.0,1.0
5177,9668.0,1.0
5178,9553.0,1.0
5179,9645.0,0.0
5180,9637.0,1.0
5181,9494.0,1.0
5182,9546.0,0.0
5183,9531.0,1.0
5184,9540.0,0.0
5185,9390.0,1.0
5186,9532.0,0.0
5187,9541.0,1.0
5188,9497.0,0.0
5189,9744.0,0.0
5190,9454.0,0.0
5191,9806.0,1.0
5192,9508.0,0.0
5193,9521.0,0.0
5194,9672.0,1.0
5195,9468.0,1.0
5196,9785.0,1.0
5197,9592.0,1.0
5198,9506.0,0.0
5199,9481.0,1.0
5200,11906.0,1.0
5201,11971.0,0.0
5202,11875.0,0.0
5203,11982.0,0.0
5204,11910.0,0.0
5205,11925.0,1.0
5206,11913.0,1.0
5207,12087.0,1.0
5208,11905.0,0.0
5209,12019.0,0.0
5210,12052.0,0.0
5211,11889.0,0.0
5212,12008.0,0.0
5213,11955.0,1.0
5214,12012.0,1.0
5215,11868.0,0.0
5216,12105.0,1.0
5217,11997.0,1.0
5218,12110.0,0.0
5219,12214.0,0.0
5220,11978.0,0.0
5221,12002.0,0.0
5222,11911.0,1.0
5223,12079.0,0.0
5224,12208.0,1.0
5225,12002.0,0.0
5226,11886.0,1.0
5227,11979.0,0.0
5228,12185.0,1.0
5229,12105.0,1.0
5230,12257.0,0.0
5231,12025.0,0.0
5232,11932.0,0.0
5233,11912.0,1.0
5234,12044.0,1.0
5235,12035.0,0.0
5236,12015.0,0.0
5237,12047.0,0.0
5238,12181.0,1.0
5239,12343.0,1.0
5240,12118.0,1.0
5241,11852.0,0.0
5242,12009.0,0.0
5243,11913.0,0.0
5244,12002.0,1.0
5245,11956.0,1.0
5246,12071.0,1.0
5247,12048.0,1.0
5248,12252.0,1.0
5249,11982.0,0.0
5250,12094.0,1.0
5251,12121.0,1.0
5252,11858.0,1.0
5253,11890.0,1.0
5254,11940.0,0.0
5255,11866.0,0.0
5256,11900.0,1.0
5257,12122.0,0.0
5258,11960.0,1.0
5259,11910.0,0.0
5260,12078.0,1.0
5261,12205.0,1.0
5262,12100.0,1.0
5263,11997.0,1.0
5264,12121.0,1.0
5265,12093.0,0.0
5266,12243.0,1.0
5267,12109.0,0.0
5268,11986.0,1.0
5269,12102.0,0.0
5270,11966.0,1.0
5271,11992.0,1.0
5272,12187.0,0.0
5273,12223.0,1.0
5274,12129.0,1.0
5275,12003.0,0.0
5276,11961.0,1.0
5277,12122.0,1.0
5278,11948.0,1.0
5279,12073.0,0.0
5280,11983.0,1.0
5281,12109.0,1.0
5282,11919.0,0.0
5283,12101.0,1.0
5284,12073.0,0.0
5285,12057.0,1.0
5286,11983.0,0.0
5287,11892.0,1.0
5288,11951.0,0.0
5289,11925.0,0.0
5290,11980.0,0.0
5291,12036.0,1.0
5292,11999.0,0.0
5293,12161.0,0.0
5294,11932.0,1.0
5295,11782.0,1.0
5296,11974.0,1.0
5297,12107.0,1.0
5298,12028.0,0.0
5299,11993.0,1.0
5300,14924.0,1.0
5301,15177.0,0.0
5302,15094.0,0.0
5303,15090.0,0.0
5304,15119.0,0.0
5305,14977.0,1.0
5306,15099.0,1.0
5307,15134.0,1.0
5308,15121.0,0.0
5309,15061.0,0.0
5310,15172.0,0.0
5311,15289.0,0.0
5312,14865.0,0.0
5313,15305.0,1.0
5314,15215.0,1.0
5315,15247.0,0.0
5316,15202.0,1.0
5317,15090.0,1.0
5318,15201.0,0.0
5319,15000.0,0.0
5320,15138.0,0.0
5321,14867.0,0.0
5322,15168.0,1.0
5323,15169.0,0.0
5324,14999.0,1.0
5325,15185.0,0.0
5326,15266.0,1.0
5327,15243.0,0.0
5328,15066.0,1.0
5329,15197.0,1.0
5330,15279.0,0.0
5331,15292.0,0.0
5332,15060.0,0.0
5333,15241.0,1.0
5334,15215.0,1.0
5335,15036.0,0.0
5336,15182.0,0.0
5337,15126.0,0.0
5338,15229.0,1.0
5339,15291.0,1.0
5340,15177.0,1.0
5341,15137.0,0.0
5342,15000.0,0.0
5343,15033.0,0.0
5344,15153.0,1.0
5345,14933.0,1.0
5346,15229.0,1.0
5347,15157.0,1.0
5348,15169.0,1.0
5349,15126.0,0.0
5350,15185.0,1.0
5351,15198.0,1.0
5352,15129.0,1.0
5353,14892.0,1.0
5354,15307.0,0.0
5355,14966.0,0.0
5356,15096.0,1.0
5357,15250.0,0.0
5358,15164.0,1.0
5359,14993.0,0.0
5360,15058.0,1.0
5361,15070.0,1.0
5362,15277.0,1.0
5363,15178.0,1.0
5364,15105.0,1.0
5365,15070.0,0.0
5366,15229.0,1.0
5367,14907.0,0.0
5368,15363.0,1.0
5369,15207.0,0.0
5370,15126.0,1.0
5371,15248.0,1.0
5372,15256.0,0.0
5373,15085.0,1.0
5374,15298.0,1.0
5375,15086.0,0.0
5376,15198.0,1.0
5377,14799.0,1.0
5378,15128.0,1.0
5379,15314.0,0.0
5380,15060.0,1.0
5381,15243.0,1.0
5382,15243.0,0.0
5383,15312.0,1.0
5384,14797.0,0.0
5385,15240.0,1.0
5386,15040.0,0.0
5387,15172.0,1.0
5388,14908.0,0.0
5389,15231.0,0.0
5390,15067.0,0.0
5391,14990.0,1.0
5392,15187.0,0.0
5393,15168.0,0.0
5394,15156.0,1.0
5395,15279.0,1.0
5396,15222.0,1.0
5397,14926.0,1.0
5398,15007.0,0.0
5399,15326.0,1.0
5400,19062.0,1.0
5401,19008.0,0.0
5402,18719.0,0.0
5403,19231.0,0.0
5404,19060.0,0.0
5405,18984.0,1.0
5406,18873.0,1.0
5407,19203.0,1.0
5408,18916.0,0.0
5409,18956.0,0.0
5410,19049.0,0.0
5411,18961.0,0.0
5412,19151.0,0.0
5413,18916.0,1.0
5414,18962.0,1.0
5415,18960.0,0.0
5416,19071.0,1.0
5417,18964.0,1.0
5418,19116.0,0.0
5419,19138.0,0.0
5420,19098.0,0.0
5421,18840.0,0.0
5422,18965.0,1.0
5423,18976.0,0.0
5424,18888.0,1.0
5425,18956.0,0.0
5426,18882.0,1.0
5427,19057.0,0.0
5428,19079.0,1.0
5429,19019.0,1.0
5430,19057.0,0.0
5431,18794.0,0.0
5432,19024.0,0.0
5433,18947.0,1.0
5434,19303.0,1.0
5435,19213.0,0.0
5436,19037.0,0.0
5437,19145.0,0.0
5438,18918.0,1.0
5439,18936.0,1.0
5440,18928.0,1.0
5441,18907.0,0.0
5442,19083.0,0.0
5443,18974.0,0.0
5444,19180.0,1.0
5445,19007.0,1.0
5446,18968.0,1.0
5447,19147.0,1.0
5448,19280.0,1.0
5449,19087.0,0.0
5450,18862.0,1.0
5451,19065.0,1.0
5452,19225.0,1.0
5453,19264.0,1.0
5454,19075.0,0.0
5455,19172.0,0.0
5456,19023.0,1.0
5457,19018.0,0.0
5458,19023.0,1.0
5459,19027.0,0.0
5460,18996.0,1.0
5461,19293.0,1.0
5462,19211.0,1.0
5463,19121.0,1.0
5464,19360.0,1.0
5465,19251.0,0.0
5466,18989.0,1.0
5467,18801.0,0.0
5468,18772.0,1.0
5469,19074.0,0.0
5470,18963.0,1.0
5471,18947.0,1.0
5472,18952.0,0.0
5473,18901.0,1.0
5474,19100.0,1.0
5475,18923.0,0.0
5476,18923.0,1.0
5477,19118.0,1.0
5478,19257.0,1.0
5479,19299.0,0.0
5480,19015.0,1.0
5481,19049.0,1.0
5482,19035.0,0.0
5483,19007.0,1.0
5484,18951.0,0.0
5485,19233.0,1.0
5486,19100.0,0.0
5487,19044.0,1.0
5488,19075.0,0.0
5489,19204.0,0.0
5490,19321.0,0.0
5491,19149.0,1.0
5492,19027.0,0.0
5493,18955.0,0.0
5494,19279.0,1.0
5495,19080.0,1.0
5496,19076.0,1.0
5497,19154.0,1.0
5498,19067.0,0.0
5499,18929.0,1.0
